-- 1. INSERT USERS & JOINED TABLES (Student, Employee, Teacher, Cashier, Admin)
INSERT INTO `user` (`id`, `name`, `email`, `gender`, `phone_number`, `dob`, `address`, `username`, `password`, `status`, `type`) VALUES ('1030000001', 'Kim Thị Vũ', '1030000001@center.com', 1, '0919744443', '2017-04-27', '59 John Khu, Thành phố JaneXã, 839426', '1030000001', '123', 1, 'student');
INSERT INTO `student` (`id`, `emergency_contact`) VALUES ('1030000001', '0920965632');
INSERT INTO `user` (`id`, `name`, `email`, `gender`, `phone_number`, `dob`, `address`, `username`, `password`, `status`, `type`) VALUES ('1030000002', 'Bà Hà Trần', '1030000002@center.com', 0, '0900251515', '2011-02-28', '65 Jane Dãy, JohnXã, 114723', '1030000002', '123', 1, 'student');
INSERT INTO `student` (`id`, `emergency_contact`) VALUES ('1030000002', '0954037274');
INSERT INTO `user` (`id`, `name`, `email`, `gender`, `phone_number`, `dob`, `address`, `username`, `password`, `status`, `type`) VALUES ('1030000003', 'Nhật Bùi', '1030000003@center.com', 0, '0935087976', '1999-12-19', '513 John Hẻm, JohnThành phố, 435601', '1030000003', '123', 1, 'student');
INSERT INTO `student` (`id`, `emergency_contact`) VALUES ('1030000003', '0940082752');
INSERT INTO `user` (`id`, `name`, `email`, `gender`, `phone_number`, `dob`, `address`, `username`, `password`, `status`, `type`) VALUES ('1030000004', 'Ông Khoa Mai', '1030000004@center.com', 1, '0986356788', '2009-10-30', '3 Dương Ngõ, JaneXã, 353867', '1030000004', '123', 1, 'student');
INSERT INTO `student` (`id`, `emergency_contact`) VALUES ('1030000004', '0978818093');
INSERT INTO `user` (`id`, `name`, `email`, `gender`, `phone_number`, `dob`, `address`, `username`, `password`, `status`, `type`) VALUES ('1030000005', 'Phúc Phạm', '1030000005@center.com', 0, '0916145980', '2006-04-12', '11 John Đường, Thị xã JaneXã, 951054', '1030000005', '123', 1, 'student');
INSERT INTO `student` (`id`, `emergency_contact`) VALUES ('1030000005', '0963185791');
INSERT INTO `user` (`id`, `name`, `email`, `gender`, `phone_number`, `dob`, `address`, `username`, `password`, `status`, `type`) VALUES ('1030000006', 'Chị Xuân Hoàng', '1030000006@center.com', 1, '0978093297', '2014-03-13', '51 Hoàng Ngõ, JaneQuận, 354841', '1030000006', '123', 1, 'student');
INSERT INTO `student` (`id`, `emergency_contact`) VALUES ('1030000006', '0921102481');
INSERT INTO `user` (`id`, `name`, `email`, `gender`, `phone_number`, `dob`, `address`, `username`, `password`, `status`, `type`) VALUES ('1030000007', 'Yến Vũ', '1030000007@center.com', 1, '0951657129', '2003-11-29', '560 John Làng, Thành phố JohnThành phố, 765845', '1030000007', '123', 1, 'student');
INSERT INTO `student` (`id`, `emergency_contact`) VALUES ('1030000007', '0953769981');
INSERT INTO `user` (`id`, `name`, `email`, `gender`, `phone_number`, `dob`, `address`, `username`, `password`, `status`, `type`) VALUES ('1030000008', 'Cô Hồng Trần', '1030000008@center.com', 0, '0975068922', '2012-07-08', '903 John Dãy, Thành phố JohnXã, 546293', '1030000008', '123', 1, 'student');
INSERT INTO `student` (`id`, `emergency_contact`) VALUES ('1030000008', '0906740927');
INSERT INTO `user` (`id`, `name`, `email`, `gender`, `phone_number`, `dob`, `address`, `username`, `password`, `status`, `type`) VALUES ('1030000009', 'Hạnh Trần', '1030000009@center.com', 0, '0954754987', '2007-06-10', '62 Jane Đường, Thị xã JohnHuyện, 475972', '1030000009', '123', 1, 'student');
INSERT INTO `student` (`id`, `emergency_contact`) VALUES ('1030000009', '0945627338');
INSERT INTO `user` (`id`, `name`, `email`, `gender`, `phone_number`, `dob`, `address`, `username`, `password`, `status`, `type`) VALUES ('1030000010', 'Anh Trung Nguyễn', '1030000010@center.com', 0, '0995602473', '2005-04-23', '4 Jane Hẻm, Thị xã JaneXã, 633305', '1030000010', '123', 1, 'student');
INSERT INTO `student` (`id`, `emergency_contact`) VALUES ('1030000010', '0907854992');
INSERT INTO `user` (`id`, `name`, `email`, `gender`, `phone_number`, `dob`, `address`, `username`, `password`, `status`, `type`) VALUES ('1030000011', 'Quang Bùi', '1030000011@center.com', 0, '0946213131', '2008-06-18', '15 Jane Hẻm, Thị xã JaneXã, 401861', '1030000011', '123', 1, 'student');
INSERT INTO `student` (`id`, `emergency_contact`) VALUES ('1030000011', '0925537455');
INSERT INTO `user` (`id`, `name`, `email`, `gender`, `phone_number`, `dob`, `address`, `username`, `password`, `status`, `type`) VALUES ('1030000012', 'Nhiên Trí Vũ', '1030000012@center.com', 0, '0924885680', '2013-02-16', '935 John Làng, JanePhường, 806504', '1030000012', '123', 1, 'student');
INSERT INTO `student` (`id`, `emergency_contact`) VALUES ('1030000012', '0951907497');
INSERT INTO `user` (`id`, `name`, `email`, `gender`, `phone_number`, `dob`, `address`, `username`, `password`, `status`, `type`) VALUES ('1020000013', 'An Hữu Hoàng', '1020000013@center.com', 0, '0988454129', '1984-02-27', '714 Jane Dãy, Thành phố JaneHuyện, 427216', '1020000013', '123', 1, 'cashier');
INSERT INTO `employee` (`id`, `salary`, `hired_date`) VALUES ('1020000013', 20000000, '2024-11-23');
INSERT INTO `cashier` (`id`, `shift`) VALUES ('1020000013', 'Sáng (7h-12h)');
INSERT INTO `user` (`id`, `name`, `email`, `gender`, `phone_number`, `dob`, `address`, `username`, `password`, `status`, `type`) VALUES ('1030000014', 'Vi Bùi', '1030000014@center.com', 1, '0912281891', '2006-04-28', '2 Jane Số, JohnQuận, 114985', '1030000014', '123', 1, 'student');
INSERT INTO `student` (`id`, `emergency_contact`) VALUES ('1030000014', '0990315752');
INSERT INTO `user` (`id`, `name`, `email`, `gender`, `phone_number`, `dob`, `address`, `username`, `password`, `status`, `type`) VALUES ('1030000015', 'Ánh Mai', '1030000015@center.com', 1, '0985587643', '2003-04-03', '42 Jane Số, Thành phố JaneThị xã, 938676', '1030000015', '123', 1, 'student');
INSERT INTO `student` (`id`, `emergency_contact`) VALUES ('1030000015', '0923583379');
INSERT INTO `user` (`id`, `name`, `email`, `gender`, `phone_number`, `dob`, `address`, `username`, `password`, `status`, `type`) VALUES ('1030000016', 'Hạnh Lê', '1030000016@center.com', 1, '0989091826', '2017-08-25', '240 John Làng, JaneHuyện, 695033', '1030000016', '123', 1, 'student');
INSERT INTO `student` (`id`, `emergency_contact`) VALUES ('1030000016', '0948370422');
INSERT INTO `user` (`id`, `name`, `email`, `gender`, `phone_number`, `dob`, `address`, `username`, `password`, `status`, `type`) VALUES ('1030000017', 'Ánh Hoàng', '1030000017@center.com', 1, '0925222935', '2016-10-01', '6 Mai Hẻm, Thị xã JaneThành phố, 245182', '1030000017', '123', 1, 'student');
INSERT INTO `student` (`id`, `emergency_contact`) VALUES ('1030000017', '0999874907');
INSERT INTO `user` (`id`, `name`, `email`, `gender`, `phone_number`, `dob`, `address`, `username`, `password`, `status`, `type`) VALUES ('1030000018', 'Bà Thành Đặng', '1030000018@center.com', 1, '0926475520', '2012-06-02', '0 Jane Hẻm, Huyện JaneThị xã, 675127', '1030000018', '123', 1, 'student');
INSERT INTO `student` (`id`, `emergency_contact`) VALUES ('1030000018', '0947564793');
INSERT INTO `user` (`id`, `name`, `email`, `gender`, `phone_number`, `dob`, `address`, `username`, `password`, `status`, `type`) VALUES ('1030000019', 'Bà Hà Dương', '1030000019@center.com', 0, '0925378464', '2008-01-30', '814 Đặng Khu, JohnThành phố, 688072', '1030000019', '123', 1, 'student');
INSERT INTO `student` (`id`, `emergency_contact`) VALUES ('1030000019', '0972874390');
INSERT INTO `user` (`id`, `name`, `email`, `gender`, `phone_number`, `dob`, `address`, `username`, `password`, `status`, `type`) VALUES ('1010000020', 'Quý ông Dũng Đặng', '1010000020@center.com', 1, '0972216809', '1974-02-27', '04 Lê Hẻm, JohnThành phố, 947010', '1010000020', '123', 1, 'teacher');
INSERT INTO `employee` (`id`, `salary`, `hired_date`) VALUES ('1010000020', 12000000, '2021-08-24');
INSERT INTO `teacher` (`id`, `major`, `degree`) VALUES ('1010000020', 'Linguistics', 'Chứng chỉ quốc tế');
INSERT INTO `user` (`id`, `name`, `email`, `gender`, `phone_number`, `dob`, `address`, `username`, `password`, `status`, `type`) VALUES ('1030000021', 'Chị Ngọc Bùi', '1030000021@center.com', 0, '0943644500', '2000-03-11', '79 Jane Ngõ, JohnHuyện, 713656', '1030000021', '123', 1, 'student');
INSERT INTO `student` (`id`, `emergency_contact`) VALUES ('1030000021', '0941526118');
INSERT INTO `user` (`id`, `name`, `email`, `gender`, `phone_number`, `dob`, `address`, `username`, `password`, `status`, `type`) VALUES ('1010000022', 'Quý cô Lâm Đặng', '1010000022@center.com', 0, '0979135672', '1973-11-03', '7 John Dãy, JaneQuận, 772134', '1010000022', '123', 1, 'teacher');
INSERT INTO `employee` (`id`, `salary`, `hired_date`) VALUES ('1010000022', 12000000, '2021-04-13');
INSERT INTO `teacher` (`id`, `major`, `degree`) VALUES ('1010000022', 'TESOL', 'Thạc sĩ');
INSERT INTO `user` (`id`, `name`, `email`, `gender`, `phone_number`, `dob`, `address`, `username`, `password`, `status`, `type`) VALUES ('1030000023', 'Chị Hương Phạm', '1030000023@center.com', 1, '0946180652', '2015-07-10', '972 Bùi Dãy, JaneThị xã, 765913', '1030000023', '123', 1, 'student');
INSERT INTO `student` (`id`, `emergency_contact`) VALUES ('1030000023', '0947428641');
INSERT INTO `user` (`id`, `name`, `email`, `gender`, `phone_number`, `dob`, `address`, `username`, `password`, `status`, `type`) VALUES ('1030000024', 'Chị Ngọc Đặng', '1030000024@center.com', 0, '0942456575', '2010-10-03', '2 Hoàng Hẻm, JanePhường, 840685', '1030000024', '123', 1, 'student');
INSERT INTO `student` (`id`, `emergency_contact`) VALUES ('1030000024', '0943851295');
INSERT INTO `user` (`id`, `name`, `email`, `gender`, `phone_number`, `dob`, `address`, `username`, `password`, `status`, `type`) VALUES ('1020000025', 'Ông Vũ Mai', '1020000025@center.com', 1, '0952753194', '1999-06-29', '204 Jane Tổ, Quận JaneHuyện, 629530', '1020000025', '123', 1, 'cashier');
INSERT INTO `employee` (`id`, `salary`, `hired_date`) VALUES ('1020000025', 20000000, '2024-03-05');
INSERT INTO `cashier` (`id`, `shift`) VALUES ('1020000025', 'Sáng (7h-12h)');
INSERT INTO `user` (`id`, `name`, `email`, `gender`, `phone_number`, `dob`, `address`, `username`, `password`, `status`, `type`) VALUES ('1030000026', 'Duyên Trần', '1030000026@center.com', 0, '0976885288', '2017-07-20', '6 Jane Số, JaneXã, 714872', '1030000026', '123', 1, 'student');
INSERT INTO `student` (`id`, `emergency_contact`) VALUES ('1030000026', '0971178852');
INSERT INTO `user` (`id`, `name`, `email`, `gender`, `phone_number`, `dob`, `address`, `username`, `password`, `status`, `type`) VALUES ('1030000027', 'Cô Dương Nguyễn', '1030000027@center.com', 0, '0983919785', '2006-02-12', '17 Vũ Số, JaneThành phố, 271751', '1030000027', '123', 1, 'student');
INSERT INTO `student` (`id`, `emergency_contact`) VALUES ('1030000027', '0934808321');
INSERT INTO `user` (`id`, `name`, `email`, `gender`, `phone_number`, `dob`, `address`, `username`, `password`, `status`, `type`) VALUES ('1010000028', 'Chị Hạnh Đặng', '1010000028@center.com', 0, '0982233704', '1971-10-26', '27 John Tổ, JohnXã, 588928', '1010000028', '123', 1, 'teacher');
INSERT INTO `employee` (`id`, `salary`, `hired_date`) VALUES ('1010000028', 8000000, '2024-03-19');
INSERT INTO `teacher` (`id`, `major`, `degree`) VALUES ('1010000028', 'TESOL', 'Cử nhân');
INSERT INTO `user` (`id`, `name`, `email`, `gender`, `phone_number`, `dob`, `address`, `username`, `password`, `status`, `type`) VALUES ('1030000029', 'Ông Tú Dương', '1030000029@center.com', 0, '0921476772', '2005-01-28', '5 Jane Làng, JaneThành phố, 163083', '1030000029', '123', 1, 'student');
INSERT INTO `student` (`id`, `emergency_contact`) VALUES ('1030000029', '0901361992');
INSERT INTO `user` (`id`, `name`, `email`, `gender`, `phone_number`, `dob`, `address`, `username`, `password`, `status`, `type`) VALUES ('1030000030', 'Bác Tú Hoàng', '1030000030@center.com', 1, '0933460872', '2010-01-04', '41 John Số, JaneQuận, 577595', '1030000030', '123', 1, 'student');
INSERT INTO `student` (`id`, `emergency_contact`) VALUES ('1030000030', '0940370398');
INSERT INTO `user` (`id`, `name`, `email`, `gender`, `phone_number`, `dob`, `address`, `username`, `password`, `status`, `type`) VALUES ('1030000031', 'Vũ Thị Nguyễn', '1030000031@center.com', 1, '0981888479', '2016-06-19', '9 John Ngõ, JaneThành phố, 252767', '1030000031', '123', 1, 'student');
INSERT INTO `student` (`id`, `emergency_contact`) VALUES ('1030000031', '0994527827');
INSERT INTO `user` (`id`, `name`, `email`, `gender`, `phone_number`, `dob`, `address`, `username`, `password`, `status`, `type`) VALUES ('1010000032', 'Khoa Bảo Trần', '1010000032@center.com', 0, '0979701870', '2001-10-07', '620 Bùi Số, Thị xã JanePhường, 364855', '1010000032', '123', 1, 'teacher');
INSERT INTO `employee` (`id`, `salary`, `hired_date`) VALUES ('1010000032', 8000000, '2021-08-05');
INSERT INTO `teacher` (`id`, `major`, `degree`) VALUES ('1010000032', 'Ngôn ngữ Anh', 'Chứng chỉ quốc tế');
INSERT INTO `user` (`id`, `name`, `email`, `gender`, `phone_number`, `dob`, `address`, `username`, `password`, `status`, `type`) VALUES ('1030000033', 'Vũ Đức Đặng', '1030000033@center.com', 1, '0974028954', '2000-12-04', '351 John Đường, Thành phố JohnHuyện, 487061', '1030000033', '123', 1, 'student');
INSERT INTO `student` (`id`, `emergency_contact`) VALUES ('1030000033', '0974973124');
INSERT INTO `user` (`id`, `name`, `email`, `gender`, `phone_number`, `dob`, `address`, `username`, `password`, `status`, `type`) VALUES ('1030000034', 'Xuân Hoàng', '1030000034@center.com', 0, '0966196511', '2007-11-06', '17 Vũ Hẻm, Quận JaneHuyện, 596364', '1030000034', '123', 1, 'student');
INSERT INTO `student` (`id`, `emergency_contact`) VALUES ('1030000034', '0982064730');
INSERT INTO `user` (`id`, `name`, `email`, `gender`, `phone_number`, `dob`, `address`, `username`, `password`, `status`, `type`) VALUES ('1030000035', 'Khoa Mai', '1030000035@center.com', 1, '0994433953', '2011-01-19', '894 Jane Hẻm, Quận JaneXã, 354634', '1030000035', '123', 1, 'student');
INSERT INTO `student` (`id`, `emergency_contact`) VALUES ('1030000035', '0943955470');
INSERT INTO `user` (`id`, `name`, `email`, `gender`, `phone_number`, `dob`, `address`, `username`, `password`, `status`, `type`) VALUES ('1030000036', 'Chị Thảo Đặng', '1030000036@center.com', 1, '0977993176', '2014-03-17', '0 Trần Ngõ, Thị xã JaneXã, 536993', '1030000036', '123', 1, 'student');
INSERT INTO `student` (`id`, `emergency_contact`) VALUES ('1030000036', '0956903120');
INSERT INTO `user` (`id`, `name`, `email`, `gender`, `phone_number`, `dob`, `address`, `username`, `password`, `status`, `type`) VALUES ('1030000037', 'Quý cô Hạnh Đặng', '1030000037@center.com', 0, '0925915125', '2002-10-20', '8 Jane Số, Thị xã JaneThị xã, 313899', '1030000037', '123', 1, 'student');
INSERT INTO `student` (`id`, `emergency_contact`) VALUES ('1030000037', '0964354164');
INSERT INTO `user` (`id`, `name`, `email`, `gender`, `phone_number`, `dob`, `address`, `username`, `password`, `status`, `type`) VALUES ('1010000038', 'Khoa Mai Bảo Trần', '1010000038@center.com', 1, '0942551211', '2002-04-05', '18 Jane Số, Thị xã JaneQuận, 360002', '1010000038', '123', 1, 'teacher');
INSERT INTO `employee` (`id`, `salary`, `hired_date`) VALUES ('1010000038', 12000000, '2024-10-12');
INSERT INTO `teacher` (`id`, `major`, `degree`) VALUES ('1010000038', 'Ngôn ngữ Anh', 'Thạc sĩ');
INSERT INTO `user` (`id`, `name`, `email`, `gender`, `phone_number`, `dob`, `address`, `username`, `password`, `status`, `type`) VALUES ('1030000039', 'Minh Trí Đặng', '1030000039@center.com', 0, '0939173840', '2015-08-29', '34 Jane Dãy, Quận JaneThành phố, 905971', '1030000039', '123', 1, 'student');
INSERT INTO `student` (`id`, `emergency_contact`) VALUES ('1030000039', '0928261727');
INSERT INTO `user` (`id`, `name`, `email`, `gender`, `phone_number`, `dob`, `address`, `username`, `password`, `status`, `type`) VALUES ('1020000040', 'Tùng Hoàng', '1020000040@center.com', 1, '0979792975', '1975-03-30', '738 Vũ Đường, Huyện JohnThành phố, 369039', '1020000040', '123', 1, 'cashier');
INSERT INTO `employee` (`id`, `salary`, `hired_date`) VALUES ('1020000040', 20000000, '2024-04-24');
INSERT INTO `cashier` (`id`, `shift`) VALUES ('1020000040', 'Sáng (7h-12h)');
INSERT INTO `user` (`id`, `name`, `email`, `gender`, `phone_number`, `dob`, `address`, `username`, `password`, `status`, `type`) VALUES ('1030000041', 'Nhật Đức Vũ', '1030000041@center.com', 0, '0960266400', '2011-12-19', '1 John Khu, JaneThành phố, 655939', '1030000041', '123', 1, 'student');
INSERT INTO `student` (`id`, `emergency_contact`) VALUES ('1030000041', '0985066262');
INSERT INTO `user` (`id`, `name`, `email`, `gender`, `phone_number`, `dob`, `address`, `username`, `password`, `status`, `type`) VALUES ('1030000042', 'Chị Hương Bùi', '1030000042@center.com', 0, '0966769638', '2009-10-13', '8 John Số, JaneHuyện, 563852', '1030000042', '123', 1, 'student');
INSERT INTO `student` (`id`, `emergency_contact`) VALUES ('1030000042', '0921242597');
INSERT INTO `user` (`id`, `name`, `email`, `gender`, `phone_number`, `dob`, `address`, `username`, `password`, `status`, `type`) VALUES ('1020000043', 'Nhiên Trí Lê', '1020000043@center.com', 0, '0976580809', '1974-02-14', '97 Jane Tổ, JaneQuận, 599872', '1020000043', '123', 1, 'cashier');
INSERT INTO `employee` (`id`, `salary`, `hired_date`) VALUES ('1020000043', 8000000, '2025-01-30');
INSERT INTO `cashier` (`id`, `shift`) VALUES ('1020000043', 'Sáng (7h-12h)');
INSERT INTO `user` (`id`, `name`, `email`, `gender`, `phone_number`, `dob`, `address`, `username`, `password`, `status`, `type`) VALUES ('1030000044', 'Châu Thị Dương', '1030000044@center.com', 1, '0943854869', '2010-02-20', '930 Dương Số, Thành phố JohnPhường, 877995', '1030000044', '123', 1, 'student');
INSERT INTO `student` (`id`, `emergency_contact`) VALUES ('1030000044', '0985849463');
INSERT INTO `user` (`id`, `name`, `email`, `gender`, `phone_number`, `dob`, `address`, `username`, `password`, `status`, `type`) VALUES ('1030000045', 'An Phú Nguyễn', '1030000045@center.com', 0, '0923015649', '2003-11-17', '4 John Khu, Thành phố JaneThị xã, 851142', '1030000045', '123', 1, 'student');
INSERT INTO `student` (`id`, `emergency_contact`) VALUES ('1030000045', '0991825108');
INSERT INTO `user` (`id`, `name`, `email`, `gender`, `phone_number`, `dob`, `address`, `username`, `password`, `status`, `type`) VALUES ('1030000046', 'Thành Xuân Đặng', '1030000046@center.com', 1, '0926964540', '2014-04-10', '728 Lê Làng, Thị xã JaneThị xã, 548046', '1030000046', '123', 1, 'student');
INSERT INTO `student` (`id`, `emergency_contact`) VALUES ('1030000046', '0914004096');
INSERT INTO `user` (`id`, `name`, `email`, `gender`, `phone_number`, `dob`, `address`, `username`, `password`, `status`, `type`) VALUES ('1030000047', 'Quý ông Quang Phạm', '1030000047@center.com', 1, '0921662739', '2014-11-15', '03 John Tổ, Quận JohnXã, 411979', '1030000047', '123', 1, 'student');
INSERT INTO `student` (`id`, `emergency_contact`) VALUES ('1030000047', '0921252512');
INSERT INTO `user` (`id`, `name`, `email`, `gender`, `phone_number`, `dob`, `address`, `username`, `password`, `status`, `type`) VALUES ('1030000048', 'Nhật Mai', '1030000048@center.com', 0, '0978202401', '2009-08-08', '70 Hoàng Dãy, JanePhường, 598757', '1030000048', '123', 1, 'student');
INSERT INTO `student` (`id`, `emergency_contact`) VALUES ('1030000048', '0973058695');
INSERT INTO `user` (`id`, `name`, `email`, `gender`, `phone_number`, `dob`, `address`, `username`, `password`, `status`, `type`) VALUES ('1030000049', 'Bà Thảo Nguyễn', '1030000049@center.com', 1, '0947560649', '2001-06-01', '402 Jane Làng, JohnThị xã, 302216', '1030000049', '123', 1, 'student');
INSERT INTO `student` (`id`, `emergency_contact`) VALUES ('1030000049', '0902441903');
INSERT INTO `user` (`id`, `name`, `email`, `gender`, `phone_number`, `dob`, `address`, `username`, `password`, `status`, `type`) VALUES ('1030000050', 'Trọng Đức Hoàng', '1030000050@center.com', 0, '0976836496', '2002-11-03', '7 Vũ Đường, Quận JaneThành phố, 319772', '1030000050', '123', 1, 'student');
INSERT INTO `student` (`id`, `emergency_contact`) VALUES ('1030000050', '0989272783');
INSERT INTO `user` (`id`, `name`, `email`, `gender`, `phone_number`, `dob`, `address`, `username`, `password`, `status`, `type`) VALUES ('1030000051', 'Trung Hoàng Vũ', '1030000051@center.com', 1, '0900649479', '2010-03-06', '75 John Khu, Thành phố JaneThị xã, 859803', '1030000051', '123', 1, 'student');
INSERT INTO `student` (`id`, `emergency_contact`) VALUES ('1030000051', '0963829236');
INSERT INTO `user` (`id`, `name`, `email`, `gender`, `phone_number`, `dob`, `address`, `username`, `password`, `status`, `type`) VALUES ('1030000052', 'Ông Huy Dương', '1030000052@center.com', 0, '0910666073', '2015-08-06', '312 Phạm Dãy, Thị xã JaneThành phố, 289151', '1030000052', '123', 1, 'student');
INSERT INTO `student` (`id`, `emergency_contact`) VALUES ('1030000052', '0958949915');
INSERT INTO `user` (`id`, `name`, `email`, `gender`, `phone_number`, `dob`, `address`, `username`, `password`, `status`, `type`) VALUES ('1030000053', 'Quý cô Mai Lê', '1030000053@center.com', 1, '0916830307', '2009-06-02', '18 Hoàng Làng, JaneXã, 734042', '1030000053', '123', 1, 'student');
INSERT INTO `student` (`id`, `emergency_contact`) VALUES ('1030000053', '0968616926');
INSERT INTO `user` (`id`, `name`, `email`, `gender`, `phone_number`, `dob`, `address`, `username`, `password`, `status`, `type`) VALUES ('1030000054', 'Bác Anh Phạm', '1030000054@center.com', 1, '0986093441', '2000-06-27', '633 Nguyễn Số, Thành phố JanePhường, 385721', '1030000054', '123', 1, 'student');
INSERT INTO `student` (`id`, `emergency_contact`) VALUES ('1030000054', '0964526336');
INSERT INTO `user` (`id`, `name`, `email`, `gender`, `phone_number`, `dob`, `address`, `username`, `password`, `status`, `type`) VALUES ('1030000055', 'Nhật Hoàng', '1030000055@center.com', 0, '0932467609', '2012-02-20', '318 Đặng Làng, JaneHuyện, 710334', '1030000055', '123', 1, 'student');
INSERT INTO `student` (`id`, `emergency_contact`) VALUES ('1030000055', '0998322330');
INSERT INTO `user` (`id`, `name`, `email`, `gender`, `phone_number`, `dob`, `address`, `username`, `password`, `status`, `type`) VALUES ('1030000056', 'Chị An Mai', '1030000056@center.com', 1, '0934185544', '2017-02-07', '622 John Làng, JohnQuận, 868145', '1030000056', '123', 1, 'student');
INSERT INTO `student` (`id`, `emergency_contact`) VALUES ('1030000056', '0955232666');
INSERT INTO `user` (`id`, `name`, `email`, `gender`, `phone_number`, `dob`, `address`, `username`, `password`, `status`, `type`) VALUES ('1030000057', 'Chị Kim Đặng', '1030000057@center.com', 1, '0929497474', '2004-06-08', '0 Dương Dãy, JohnQuận, 682507', '1030000057', '123', 1, 'student');
INSERT INTO `student` (`id`, `emergency_contact`) VALUES ('1030000057', '0921900495');
INSERT INTO `user` (`id`, `name`, `email`, `gender`, `phone_number`, `dob`, `address`, `username`, `password`, `status`, `type`) VALUES ('1000000058', 'Quý cô Nhật Dương', '1000000058@center.com', 1, '0995038196', '1988-07-03', '29 Phạm Tổ, JaneThành phố, 318799', '1000000058', '123', 1, 'admin');
INSERT INTO `employee` (`id`, `salary`, `hired_date`) VALUES ('1000000058', 20000000, '2021-04-01');
INSERT INTO `admin` (`id`, `access_level`, `report_email`) VALUES ('1000000058', 1, '1000000058@center.com');
INSERT INTO `user` (`id`, `name`, `email`, `gender`, `phone_number`, `dob`, `address`, `username`, `password`, `status`, `type`) VALUES ('1030000059', 'Quang Tấn Dương', '1030000059@center.com', 0, '0954067494', '2007-08-12', '05 John Tổ, Thị xã JohnThành phố, 353196', '1030000059', '123', 1, 'student');
INSERT INTO `student` (`id`, `emergency_contact`) VALUES ('1030000059', '0919727907');
INSERT INTO `user` (`id`, `name`, `email`, `gender`, `phone_number`, `dob`, `address`, `username`, `password`, `status`, `type`) VALUES ('1030000060', 'Ngọc Phạm', '1030000060@center.com', 1, '0950713379', '2011-01-15', '62 Jane Số, Huyện JaneQuận, 780605', '1030000060', '123', 1, 'student');
INSERT INTO `student` (`id`, `emergency_contact`) VALUES ('1030000060', '0930486527');
INSERT INTO `user` (`id`, `name`, `email`, `gender`, `phone_number`, `dob`, `address`, `username`, `password`, `status`, `type`) VALUES ('1030000061', 'Huy Hữu Nguyễn', '1030000061@center.com', 0, '0937728607', '2013-11-07', '916 Lê Đường, Quận JohnHuyện, 348911', '1030000061', '123', 1, 'student');
INSERT INTO `student` (`id`, `emergency_contact`) VALUES ('1030000061', '0962290588');
INSERT INTO `user` (`id`, `name`, `email`, `gender`, `phone_number`, `dob`, `address`, `username`, `password`, `status`, `type`) VALUES ('1030000062', 'Chị An Lê', '1030000062@center.com', 0, '0910212950', '2019-01-10', '91 Lê Đường, JanePhường, 868311', '1030000062', '123', 1, 'student');
INSERT INTO `student` (`id`, `emergency_contact`) VALUES ('1030000062', '0913353622');
INSERT INTO `user` (`id`, `name`, `email`, `gender`, `phone_number`, `dob`, `address`, `username`, `password`, `status`, `type`) VALUES ('1030000063', 'An Thị Dương', '1030000063@center.com', 0, '0918435688', '2002-12-22', '38 Lê Số, JaneThị xã, 511663', '1030000063', '123', 1, 'student');
INSERT INTO `student` (`id`, `emergency_contact`) VALUES ('1030000063', '0924060757');
INSERT INTO `user` (`id`, `name`, `email`, `gender`, `phone_number`, `dob`, `address`, `username`, `password`, `status`, `type`) VALUES ('1020000064', 'Thảo Mai', '1020000064@center.com', 0, '0970782114', '2000-07-26', '898 Nguyễn Dãy, JohnThị xã, 463424', '1020000064', '123', 1, 'cashier');
INSERT INTO `employee` (`id`, `salary`, `hired_date`) VALUES ('1020000064', 12000000, '2025-02-22');
INSERT INTO `cashier` (`id`, `shift`) VALUES ('1020000064', 'Sáng (7h-12h)');
INSERT INTO `user` (`id`, `name`, `email`, `gender`, `phone_number`, `dob`, `address`, `username`, `password`, `status`, `type`) VALUES ('1030000065', 'Ngọc Vũ', '1030000065@center.com', 0, '0999133638', '2001-02-02', '3 Bùi Khu, Thành phố JaneQuận, 714618', '1030000065', '123', 1, 'student');
INSERT INTO `student` (`id`, `emergency_contact`) VALUES ('1030000065', '0981319456');
INSERT INTO `user` (`id`, `name`, `email`, `gender`, `phone_number`, `dob`, `address`, `username`, `password`, `status`, `type`) VALUES ('1030000066', 'Phúc Trí Đặng', '1030000066@center.com', 1, '0967223581', '2000-03-26', '2 Đặng Khu, JaneThị xã, 920809', '1030000066', '123', 1, 'student');
INSERT INTO `student` (`id`, `emergency_contact`) VALUES ('1030000066', '0964444585');
INSERT INTO `user` (`id`, `name`, `email`, `gender`, `phone_number`, `dob`, `address`, `username`, `password`, `status`, `type`) VALUES ('1030000067', 'Khoa Bảo Lê', '1030000067@center.com', 0, '0977459158', '1999-12-17', '25 Jane Khu, Thành phố JaneHuyện, 970469', '1030000067', '123', 1, 'student');
INSERT INTO `student` (`id`, `emergency_contact`) VALUES ('1030000067', '0913008949');
INSERT INTO `user` (`id`, `name`, `email`, `gender`, `phone_number`, `dob`, `address`, `username`, `password`, `status`, `type`) VALUES ('1020000068', 'Chị Hà Lê', '1020000068@center.com', 0, '0989627381', '1989-08-26', '44 Nguyễn Số, JaneXã, 652877', '1020000068', '123', 1, 'cashier');
INSERT INTO `employee` (`id`, `salary`, `hired_date`) VALUES ('1020000068', 20000000, '2025-08-22');
INSERT INTO `cashier` (`id`, `shift`) VALUES ('1020000068', 'Sáng (7h-12h)');
INSERT INTO `user` (`id`, `name`, `email`, `gender`, `phone_number`, `dob`, `address`, `username`, `password`, `status`, `type`) VALUES ('1030000069', 'Dũng Hoàng Bùi', '1030000069@center.com', 0, '0967076422', '2004-09-30', '9 Đặng Dãy, Thị xã JohnThành phố, 479817', '1030000069', '123', 1, 'student');
INSERT INTO `student` (`id`, `emergency_contact`) VALUES ('1030000069', '0901679808');
INSERT INTO `user` (`id`, `name`, `email`, `gender`, `phone_number`, `dob`, `address`, `username`, `password`, `status`, `type`) VALUES ('1030000070', 'Chị Hải Đặng', '1030000070@center.com', 1, '0906778356', '2016-11-01', '3 Lê Số, Thị xã JohnPhường, 848490', '1030000070', '123', 1, 'student');
INSERT INTO `student` (`id`, `emergency_contact`) VALUES ('1030000070', '0971220057');
INSERT INTO `user` (`id`, `name`, `email`, `gender`, `phone_number`, `dob`, `address`, `username`, `password`, `status`, `type`) VALUES ('1010000071', 'Ông Trung Lê', '1010000071@center.com', 1, '0994083076', '1984-11-30', '6 Vũ Số, JaneThành phố, 421932', '1010000071', '123', 1, 'teacher');
INSERT INTO `employee` (`id`, `salary`, `hired_date`) VALUES ('1010000071', 8000000, '2021-03-07');
INSERT INTO `teacher` (`id`, `major`, `degree`) VALUES ('1010000071', 'TESOL', 'Cử nhân');
INSERT INTO `user` (`id`, `name`, `email`, `gender`, `phone_number`, `dob`, `address`, `username`, `password`, `status`, `type`) VALUES ('1030000072', 'Ông Anh Phạm', '1030000072@center.com', 1, '0960177171', '2013-06-18', '0 Đặng Hẻm, JaneThành phố, 517430', '1030000072', '123', 1, 'student');
INSERT INTO `student` (`id`, `emergency_contact`) VALUES ('1030000072', '0974331028');
INSERT INTO `user` (`id`, `name`, `email`, `gender`, `phone_number`, `dob`, `address`, `username`, `password`, `status`, `type`) VALUES ('1030000073', 'Anh Hưng Trần', '1030000073@center.com', 1, '0936374154', '2019-03-08', '131 Nguyễn Tổ, Huyện JaneQuận, 901879', '1030000073', '123', 1, 'student');
INSERT INTO `student` (`id`, `emergency_contact`) VALUES ('1030000073', '0942861494');
INSERT INTO `user` (`id`, `name`, `email`, `gender`, `phone_number`, `dob`, `address`, `username`, `password`, `status`, `type`) VALUES ('1030000074', 'Huy Lê', '1030000074@center.com', 1, '0967463051', '2004-12-10', '0 John Hẻm, JohnPhường, 963774', '1030000074', '123', 1, 'student');
INSERT INTO `student` (`id`, `emergency_contact`) VALUES ('1030000074', '0942030012');
INSERT INTO `user` (`id`, `name`, `email`, `gender`, `phone_number`, `dob`, `address`, `username`, `password`, `status`, `type`) VALUES ('1030000075', 'Ánh Mai', '1030000075@center.com', 1, '0915883502', '2013-02-06', '1 John Khu, Huyện JanePhường, 843097', '1030000075', '123', 1, 'student');
INSERT INTO `student` (`id`, `emergency_contact`) VALUES ('1030000075', '0908340232');
INSERT INTO `user` (`id`, `name`, `email`, `gender`, `phone_number`, `dob`, `address`, `username`, `password`, `status`, `type`) VALUES ('1030000076', 'Anh Mai', '1030000076@center.com', 0, '0999819669', '2015-06-16', 'Thị xã JohnThành phố, 8 Jane Ngõ, 302256', '1030000076', '123', 1, 'student');
INSERT INTO `student` (`id`, `emergency_contact`) VALUES ('1030000076', '0982919451');
INSERT INTO `user` (`id`, `name`, `email`, `gender`, `phone_number`, `dob`, `address`, `username`, `password`, `status`, `type`) VALUES ('1010000077', 'Anh Bảo Mai', '1010000077@center.com', 0, '0969549490', '1975-05-08', '80 Jane Đường, Thành phố JaneXã, 469434', '1010000077', '123', 1, 'teacher');
INSERT INTO `employee` (`id`, `salary`, `hired_date`) VALUES ('1010000077', 20000000, '2025-10-10');
INSERT INTO `teacher` (`id`, `major`, `degree`) VALUES ('1010000077', 'Linguistics', 'Thạc sĩ');
INSERT INTO `user` (`id`, `name`, `email`, `gender`, `phone_number`, `dob`, `address`, `username`, `password`, `status`, `type`) VALUES ('1010000078', 'Bác Thành Mai', '1010000078@center.com', 0, '0964347648', '1982-03-31', 'Quận JaneThành phố, 2 Jane Làng, 146283', '1010000078', '123', 1, 'teacher');
INSERT INTO `employee` (`id`, `salary`, `hired_date`) VALUES ('1010000078', 8000000, '2024-06-11');
INSERT INTO `teacher` (`id`, `major`, `degree`) VALUES ('1010000078', 'Ngôn ngữ Anh', 'Chứng chỉ quốc tế');
INSERT INTO `user` (`id`, `name`, `email`, `gender`, `phone_number`, `dob`, `address`, `username`, `password`, `status`, `type`) VALUES ('1030000079', 'Yến Vũ', '1030000079@center.com', 1, '0910538520', '2013-03-06', '16 Jane Tổ, JaneXã, 990337', '1030000079', '123', 1, 'student');
INSERT INTO `student` (`id`, `emergency_contact`) VALUES ('1030000079', '0944252968');
INSERT INTO `user` (`id`, `name`, `email`, `gender`, `phone_number`, `dob`, `address`, `username`, `password`, `status`, `type`) VALUES ('1030000080', 'Quý ông Phúc Nguyễn', '1030000080@center.com', 1, '0989174648', '2015-05-13', '15 John Đường, JohnQuận, 523376', '1030000080', '123', 1, 'student');
INSERT INTO `student` (`id`, `emergency_contact`) VALUES ('1030000080', '0978971939');
INSERT INTO `user` (`id`, `name`, `email`, `gender`, `phone_number`, `dob`, `address`, `username`, `password`, `status`, `type`) VALUES ('1030000081', 'Linh Dương', '1030000081@center.com', 1, '0962797669', '2018-10-11', '10 Vũ Đường, Thành phố JaneHuyện, 203269', '1030000081', '123', 1, 'student');
INSERT INTO `student` (`id`, `emergency_contact`) VALUES ('1030000081', '0909062406');
INSERT INTO `user` (`id`, `name`, `email`, `gender`, `phone_number`, `dob`, `address`, `username`, `password`, `status`, `type`) VALUES ('1030000082', 'Ông Hoàng Mai', '1030000082@center.com', 0, '0961180420', '2009-09-10', '52 John Hẻm, Quận JaneThành phố, 606374', '1030000082', '123', 1, 'student');
INSERT INTO `student` (`id`, `emergency_contact`) VALUES ('1030000082', '0995325560');
INSERT INTO `user` (`id`, `name`, `email`, `gender`, `phone_number`, `dob`, `address`, `username`, `password`, `status`, `type`) VALUES ('1010000083', 'An Hải Phạm', '1010000083@center.com', 0, '0965211731', '1991-07-22', '532 Dương Tổ, Thị xã JohnQuận, 712002', '1010000083', '123', 1, 'teacher');
INSERT INTO `employee` (`id`, `salary`, `hired_date`) VALUES ('1010000083', 8000000, '2020-12-21');
INSERT INTO `teacher` (`id`, `major`, `degree`) VALUES ('1010000083', 'TESOL', 'Cử nhân');
INSERT INTO `user` (`id`, `name`, `email`, `gender`, `phone_number`, `dob`, `address`, `username`, `password`, `status`, `type`) VALUES ('1030000084', 'Nhật Xuân Lê', '1030000084@center.com', 1, '0926830292', '2000-08-03', '0 John Ngõ, Quận JaneThành phố, 539077', '1030000084', '123', 1, 'student');
INSERT INTO `student` (`id`, `emergency_contact`) VALUES ('1030000084', '0959453481');
INSERT INTO `user` (`id`, `name`, `email`, `gender`, `phone_number`, `dob`, `address`, `username`, `password`, `status`, `type`) VALUES ('1030000085', 'Khoa Tấn Phạm', '1030000085@center.com', 1, '0905820071', '2004-08-12', '6 John Số, JohnThị xã, 557216', '1030000085', '123', 1, 'student');
INSERT INTO `student` (`id`, `emergency_contact`) VALUES ('1030000085', '0943314711');
INSERT INTO `user` (`id`, `name`, `email`, `gender`, `phone_number`, `dob`, `address`, `username`, `password`, `status`, `type`) VALUES ('1030000086', 'Quý cô Hồng Phạm', '1030000086@center.com', 0, '0957727022', '2013-05-11', '91 Vũ Tổ, Thị xã JohnHuyện, 142261', '1030000086', '123', 1, 'student');
INSERT INTO `student` (`id`, `emergency_contact`) VALUES ('1030000086', '0910474838');
INSERT INTO `user` (`id`, `name`, `email`, `gender`, `phone_number`, `dob`, `address`, `username`, `password`, `status`, `type`) VALUES ('1030000087', 'Thành Đức Mai', '1030000087@center.com', 0, '0911874458', '2001-08-01', '666 Jane Dãy, Quận JaneThị xã, 531065', '1030000087', '123', 1, 'student');
INSERT INTO `student` (`id`, `emergency_contact`) VALUES ('1030000087', '0946645136');
INSERT INTO `user` (`id`, `name`, `email`, `gender`, `phone_number`, `dob`, `address`, `username`, `password`, `status`, `type`) VALUES ('1010000088', 'Bà Phương Trần', '1010000088@center.com', 1, '0967702671', '2001-09-08', '5 Mai Đường, Huyện JohnPhường, 712034', '1010000088', '123', 1, 'teacher');
INSERT INTO `employee` (`id`, `salary`, `hired_date`) VALUES ('1010000088', 12000000, '2023-09-08');
INSERT INTO `teacher` (`id`, `major`, `degree`) VALUES ('1010000088', 'Linguistics', 'Chứng chỉ quốc tế');
INSERT INTO `user` (`id`, `name`, `email`, `gender`, `phone_number`, `dob`, `address`, `username`, `password`, `status`, `type`) VALUES ('1030000089', 'Thành Nguyễn', '1030000089@center.com', 1, '0963308837', '2009-10-30', '6 Bùi Làng, JohnQuận, 215656', '1030000089', '123', 1, 'student');
INSERT INTO `student` (`id`, `emergency_contact`) VALUES ('1030000089', '0914293366');
INSERT INTO `user` (`id`, `name`, `email`, `gender`, `phone_number`, `dob`, `address`, `username`, `password`, `status`, `type`) VALUES ('1030000090', 'Phúc Văn Bùi', '1030000090@center.com', 1, '0936863985', '2019-07-19', '1 Mai Hẻm, Quận JohnQuận, 339336', '1030000090', '123', 1, 'student');
INSERT INTO `student` (`id`, `emergency_contact`) VALUES ('1030000090', '0969444900');
INSERT INTO `user` (`id`, `name`, `email`, `gender`, `phone_number`, `dob`, `address`, `username`, `password`, `status`, `type`) VALUES ('1030000091', 'Vân Lê', '1030000091@center.com', 1, '0969552266', '2016-09-13', '5 Jane Khu, Huyện JaneXã, 828925', '1030000091', '123', 1, 'student');
INSERT INTO `student` (`id`, `emergency_contact`) VALUES ('1030000091', '0927553266');
INSERT INTO `user` (`id`, `name`, `email`, `gender`, `phone_number`, `dob`, `address`, `username`, `password`, `status`, `type`) VALUES ('1030000092', 'Quý cô Nhật Mai', '1030000092@center.com', 0, '0904910914', '2010-04-24', '67 Bùi Số, Quận JohnThành phố, 711835', '1030000092', '123', 1, 'student');
INSERT INTO `student` (`id`, `emergency_contact`) VALUES ('1030000092', '0997236518');
INSERT INTO `user` (`id`, `name`, `email`, `gender`, `phone_number`, `dob`, `address`, `username`, `password`, `status`, `type`) VALUES ('1030000093', 'Nhật Phạm', '1030000093@center.com', 1, '0994092093', '2017-05-24', '10 John Tổ, JaneThành phố, 808810', '1030000093', '123', 1, 'student');
INSERT INTO `student` (`id`, `emergency_contact`) VALUES ('1030000093', '0916219689');
INSERT INTO `user` (`id`, `name`, `email`, `gender`, `phone_number`, `dob`, `address`, `username`, `password`, `status`, `type`) VALUES ('1030000094', 'Bác Nhiên Vũ', '1030000094@center.com', 1, '0936477617', '2016-06-24', '881 John Hẻm, JohnThị xã, 842529', '1030000094', '123', 1, 'student');
INSERT INTO `student` (`id`, `emergency_contact`) VALUES ('1030000094', '0934770766');
INSERT INTO `user` (`id`, `name`, `email`, `gender`, `phone_number`, `dob`, `address`, `username`, `password`, `status`, `type`) VALUES ('1030000095', 'Hạnh Văn Hoàng', '1030000095@center.com', 1, '0942503567', '2004-06-29', '90 Trần Số, JohnXã, 577652', '1030000095', '123', 1, 'student');
INSERT INTO `student` (`id`, `emergency_contact`) VALUES ('1030000095', '0959383704');
INSERT INTO `user` (`id`, `name`, `email`, `gender`, `phone_number`, `dob`, `address`, `username`, `password`, `status`, `type`) VALUES ('1030000096', 'Chi Hoàng', '1030000096@center.com', 1, '0970313945', '2003-05-23', '6 Vũ Hẻm, Huyện JohnHuyện, 993574', '1030000096', '123', 1, 'student');
INSERT INTO `student` (`id`, `emergency_contact`) VALUES ('1030000096', '0945975918');
INSERT INTO `user` (`id`, `name`, `email`, `gender`, `phone_number`, `dob`, `address`, `username`, `password`, `status`, `type`) VALUES ('1030000097', 'Quý cô Hà Trần', '1030000097@center.com', 1, '0972915083', '2016-03-11', '1 Dương Làng, Huyện JohnHuyện, 951300', '1030000097', '123', 1, 'student');
INSERT INTO `student` (`id`, `emergency_contact`) VALUES ('1030000097', '0918578807');
INSERT INTO `user` (`id`, `name`, `email`, `gender`, `phone_number`, `dob`, `address`, `username`, `password`, `status`, `type`) VALUES ('1030000098', 'Bảo Nguyễn', '1030000098@center.com', 1, '0944206824', '2004-07-31', '068 Trần Dãy, JaneThành phố, 819049', '1030000098', '123', 1, 'student');
INSERT INTO `student` (`id`, `emergency_contact`) VALUES ('1030000098', '0947485794');
INSERT INTO `user` (`id`, `name`, `email`, `gender`, `phone_number`, `dob`, `address`, `username`, `password`, `status`, `type`) VALUES ('1030000099', 'Mai Phạm', '1030000099@center.com', 1, '0958940713', '2016-11-10', '30 Đặng Tổ, Thành phố JaneXã, 542806', '1030000099', '123', 1, 'student');
INSERT INTO `student` (`id`, `emergency_contact`) VALUES ('1030000099', '0948221769');
INSERT INTO `user` (`id`, `name`, `email`, `gender`, `phone_number`, `dob`, `address`, `username`, `password`, `status`, `type`) VALUES ('1030000100', 'Bà Hồng Lê', '1030000100@center.com', 1, '0985250009', '2007-10-22', '7 Vũ Số, Thành phố JaneHuyện, 624553', '1030000100', '123', 1, 'student');
INSERT INTO `student` (`id`, `emergency_contact`) VALUES ('1030000100', '0982437690');
INSERT INTO `user` (`id`, `name`, `email`, `gender`, `phone_number`, `dob`, `address`, `username`, `password`, `status`, `type`) VALUES ('1030000101', 'Anh Quang Đặng', '1030000101@center.com', 1, '0908851463', '2014-08-15', '4 Jane Khu, Thị xã JohnHuyện, 355361', '1030000101', '123', 1, 'student');
INSERT INTO `student` (`id`, `emergency_contact`) VALUES ('1030000101', '0981923308');
INSERT INTO `user` (`id`, `name`, `email`, `gender`, `phone_number`, `dob`, `address`, `username`, `password`, `status`, `type`) VALUES ('1030000102', 'Bà Nhật Phạm', '1030000102@center.com', 1, '0945421626', '2003-09-01', '87 Jane Khu, JohnHuyện, 643076', '1030000102', '123', 1, 'student');
INSERT INTO `student` (`id`, `emergency_contact`) VALUES ('1030000102', '0960666926');
INSERT INTO `user` (`id`, `name`, `email`, `gender`, `phone_number`, `dob`, `address`, `username`, `password`, `status`, `type`) VALUES ('1030000103', 'Hương Dương', '1030000103@center.com', 1, '0968828445', '2010-09-19', '09 Jane Ngõ, JohnPhường, 442686', '1030000103', '123', 1, 'student');
INSERT INTO `student` (`id`, `emergency_contact`) VALUES ('1030000103', '0971436731');
INSERT INTO `user` (`id`, `name`, `email`, `gender`, `phone_number`, `dob`, `address`, `username`, `password`, `status`, `type`) VALUES ('1030000104', 'Cô Bảo Đặng', '1030000104@center.com', 1, '0974486406', '2000-11-20', '680 John Làng, Thị xã JohnThành phố, 645490', '1030000104', '123', 1, 'student');
INSERT INTO `student` (`id`, `emergency_contact`) VALUES ('1030000104', '0998953651');
INSERT INTO `user` (`id`, `name`, `email`, `gender`, `phone_number`, `dob`, `address`, `username`, `password`, `status`, `type`) VALUES ('1020000105', 'Hà Xuân Phạm', '1020000105@center.com', 0, '0991145992', '1977-08-25', '06 Jane Đường, JohnXã, 463927', '1020000105', '123', 1, 'cashier');
INSERT INTO `employee` (`id`, `salary`, `hired_date`) VALUES ('1020000105', 15000000, '2024-01-19');
INSERT INTO `cashier` (`id`, `shift`) VALUES ('1020000105', 'Chiều (13h-17h)');
INSERT INTO `user` (`id`, `name`, `email`, `gender`, `phone_number`, `dob`, `address`, `username`, `password`, `status`, `type`) VALUES ('1010000106', 'Bảo Trí Hoàng', '1010000106@center.com', 1, '0986628470', '1987-07-09', '1 Nguyễn Hẻm, Thị xã JohnXã, 792088', '1010000106', '123', 1, 'teacher');
INSERT INTO `employee` (`id`, `salary`, `hired_date`) VALUES ('1010000106', 20000000, '2023-08-23');
INSERT INTO `teacher` (`id`, `major`, `degree`) VALUES ('1010000106', 'TESOL', 'Thạc sĩ');
INSERT INTO `user` (`id`, `name`, `email`, `gender`, `phone_number`, `dob`, `address`, `username`, `password`, `status`, `type`) VALUES ('1030000107', 'Quý cô Vân Mai', '1030000107@center.com', 1, '0941148273', '2004-01-08', '877 Jane Tổ, Thị xã JaneThị xã, 182365', '1030000107', '123', 1, 'student');
INSERT INTO `student` (`id`, `emergency_contact`) VALUES ('1030000107', '0952157296');
INSERT INTO `user` (`id`, `name`, `email`, `gender`, `phone_number`, `dob`, `address`, `username`, `password`, `status`, `type`) VALUES ('1030000108', 'Quang Mai Phạm', '1030000108@center.com', 1, '0965530935', '2011-11-14', '708 Dương Làng, JohnHuyện, 600414', '1030000108', '123', 1, 'student');
INSERT INTO `student` (`id`, `emergency_contact`) VALUES ('1030000108', '0943217513');
INSERT INTO `user` (`id`, `name`, `email`, `gender`, `phone_number`, `dob`, `address`, `username`, `password`, `status`, `type`) VALUES ('1030000109', 'Anh Quang Dương', '1030000109@center.com', 1, '0921682772', '2009-07-28', '2 John Khu, Thành phố JohnHuyện, 138466', '1030000109', '123', 1, 'student');
INSERT INTO `student` (`id`, `emergency_contact`) VALUES ('1030000109', '0969253695');
INSERT INTO `user` (`id`, `name`, `email`, `gender`, `phone_number`, `dob`, `address`, `username`, `password`, `status`, `type`) VALUES ('1020000110', 'Trọng Xuân Dương', '1020000110@center.com', 1, '0914615945', '1983-03-17', '32 Nguyễn Tổ, Huyện JohnXã, 669143', '1020000110', '123', 1, 'cashier');
INSERT INTO `employee` (`id`, `salary`, `hired_date`) VALUES ('1020000110', 20000000, '2025-11-18');
INSERT INTO `cashier` (`id`, `shift`) VALUES ('1020000110', 'Chiều (13h-17h)');
INSERT INTO `user` (`id`, `name`, `email`, `gender`, `phone_number`, `dob`, `address`, `username`, `password`, `status`, `type`) VALUES ('1020000111', 'Bảo Mai Bảo Hoàng', '1020000111@center.com', 0, '0986918089', '2001-07-12', '379 Mai Làng, Thành phố JohnQuận, 354646', '1020000111', '123', 1, 'cashier');
INSERT INTO `employee` (`id`, `salary`, `hired_date`) VALUES ('1020000111', 8000000, '2024-09-11');
INSERT INTO `cashier` (`id`, `shift`) VALUES ('1020000111', 'Sáng (7h-12h)');
INSERT INTO `user` (`id`, `name`, `email`, `gender`, `phone_number`, `dob`, `address`, `username`, `password`, `status`, `type`) VALUES ('1030000112', 'Cô Ánh Mai', '1030000112@center.com', 1, '0935267354', '2014-05-28', '5 Phạm Hẻm, JanePhường, 559429', '1030000112', '123', 1, 'student');
INSERT INTO `student` (`id`, `emergency_contact`) VALUES ('1030000112', '0950128285');
INSERT INTO `user` (`id`, `name`, `email`, `gender`, `phone_number`, `dob`, `address`, `username`, `password`, `status`, `type`) VALUES ('1030000113', 'Nhật Tấn Dương', '1030000113@center.com', 1, '0988216448', '2002-03-20', '678 Jane Đường, Thị xã JohnThành phố, 995373', '1030000113', '123', 1, 'student');
INSERT INTO `student` (`id`, `emergency_contact`) VALUES ('1030000113', '0977387045');
INSERT INTO `user` (`id`, `name`, `email`, `gender`, `phone_number`, `dob`, `address`, `username`, `password`, `status`, `type`) VALUES ('1030000114', 'Khoa Bảo Mai', '1030000114@center.com', 1, '0950165154', '2007-02-01', '7 Bùi Ngõ, Thị xã JohnQuận, 539713', '1030000114', '123', 1, 'student');
INSERT INTO `student` (`id`, `emergency_contact`) VALUES ('1030000114', '0980578414');
INSERT INTO `user` (`id`, `name`, `email`, `gender`, `phone_number`, `dob`, `address`, `username`, `password`, `status`, `type`) VALUES ('1030000115', 'Khoa Quang Nguyễn', '1030000115@center.com', 0, '0944154272', '2008-01-23', '8 Lê Dãy, JohnXã, 568873', '1030000115', '123', 1, 'student');
INSERT INTO `student` (`id`, `emergency_contact`) VALUES ('1030000115', '0905115898');
INSERT INTO `user` (`id`, `name`, `email`, `gender`, `phone_number`, `dob`, `address`, `username`, `password`, `status`, `type`) VALUES ('1030000116', 'Quang Bùi', '1030000116@center.com', 0, '0932766911', '2012-12-28', '941 John Tổ, JohnXã, 602729', '1030000116', '123', 1, 'student');
INSERT INTO `student` (`id`, `emergency_contact`) VALUES ('1030000116', '0911937043');
INSERT INTO `user` (`id`, `name`, `email`, `gender`, `phone_number`, `dob`, `address`, `username`, `password`, `status`, `type`) VALUES ('1030000117', 'Thành Hữu Nguyễn', '1030000117@center.com', 1, '0985258347', '2003-11-23', '016 John Khu, JaneThành phố, 460522', '1030000117', '123', 1, 'student');
INSERT INTO `student` (`id`, `emergency_contact`) VALUES ('1030000117', '0984989165');
INSERT INTO `user` (`id`, `name`, `email`, `gender`, `phone_number`, `dob`, `address`, `username`, `password`, `status`, `type`) VALUES ('1000000118', 'Quang Hoàng', '1000000118@center.com', 1, '0966305116', '1997-04-02', '88 John Dãy, Huyện JaneQuận, 460755', '1000000118', '123', 1, 'admin');
INSERT INTO `employee` (`id`, `salary`, `hired_date`) VALUES ('1000000118', 20000000, '2021-10-08');
INSERT INTO `admin` (`id`, `access_level`, `report_email`) VALUES ('1000000118', 1, '1000000118@center.com');
INSERT INTO `user` (`id`, `name`, `email`, `gender`, `phone_number`, `dob`, `address`, `username`, `password`, `status`, `type`) VALUES ('1010000119', 'Hà Đức Hoàng', '1010000119@center.com', 1, '0988524380', '1973-06-21', '08 Jane Ngõ, Quận JohnThị xã, 311188', '1010000119', '123', 1, 'teacher');
INSERT INTO `employee` (`id`, `salary`, `hired_date`) VALUES ('1010000119', 15000000, '2024-08-28');
INSERT INTO `teacher` (`id`, `major`, `degree`) VALUES ('1010000119', 'TESOL', 'Chứng chỉ quốc tế');
INSERT INTO `user` (`id`, `name`, `email`, `gender`, `phone_number`, `dob`, `address`, `username`, `password`, `status`, `type`) VALUES ('1030000120', 'Phúc Đức Đặng', '1030000120@center.com', 0, '0906126605', '2018-07-19', '52 Mai Đường, Huyện JanePhường, 920027', '1030000120', '123', 1, 'student');
INSERT INTO `student` (`id`, `emergency_contact`) VALUES ('1030000120', '0989526214');
INSERT INTO `user` (`id`, `name`, `email`, `gender`, `phone_number`, `dob`, `address`, `username`, `password`, `status`, `type`) VALUES ('1030000121', 'Hưng Quang Hoàng', '1030000121@center.com', 0, '0903314383', '2000-05-28', '438 Dương Ngõ, JaneThành phố, 184276', '1030000121', '123', 1, 'student');
INSERT INTO `student` (`id`, `emergency_contact`) VALUES ('1030000121', '0967000457');
INSERT INTO `user` (`id`, `name`, `email`, `gender`, `phone_number`, `dob`, `address`, `username`, `password`, `status`, `type`) VALUES ('1030000122', 'Bác Phúc Vũ', '1030000122@center.com', 0, '0950407094', '2008-02-16', '004 Jane Tổ, JohnPhường, 360899', '1030000122', '123', 1, 'student');
INSERT INTO `student` (`id`, `emergency_contact`) VALUES ('1030000122', '0996686574');
INSERT INTO `user` (`id`, `name`, `email`, `gender`, `phone_number`, `dob`, `address`, `username`, `password`, `status`, `type`) VALUES ('1030000123', 'Bà Khoa Nguyễn', '1030000123@center.com', 0, '0906447961', '2013-02-23', '58 Dương Ngõ, JaneQuận, 646015', '1030000123', '123', 1, 'student');
INSERT INTO `student` (`id`, `emergency_contact`) VALUES ('1030000123', '0904559994');
INSERT INTO `user` (`id`, `name`, `email`, `gender`, `phone_number`, `dob`, `address`, `username`, `password`, `status`, `type`) VALUES ('1030000124', 'Mai Dương', '1030000124@center.com', 1, '0926335873', '2012-12-24', '12 Jane Đường, JaneThành phố, 652951', '1030000124', '123', 1, 'student');
INSERT INTO `student` (`id`, `emergency_contact`) VALUES ('1030000124', '0937324222');
INSERT INTO `user` (`id`, `name`, `email`, `gender`, `phone_number`, `dob`, `address`, `username`, `password`, `status`, `type`) VALUES ('1030000125', 'Quý cô Thảo Vũ', '1030000125@center.com', 0, '0980678159', '2013-09-05', '853 John Làng, JohnQuận, 678476', '1030000125', '123', 1, 'student');
INSERT INTO `student` (`id`, `emergency_contact`) VALUES ('1030000125', '0997225603');
INSERT INTO `user` (`id`, `name`, `email`, `gender`, `phone_number`, `dob`, `address`, `username`, `password`, `status`, `type`) VALUES ('1030000126', 'Tùng Nguyễn', '1030000126@center.com', 1, '0917856043', '2006-02-03', '2 John Hẻm, Huyện JohnPhường, 583265', '1030000126', '123', 1, 'student');
INSERT INTO `student` (`id`, `emergency_contact`) VALUES ('1030000126', '0969960805');
INSERT INTO `user` (`id`, `name`, `email`, `gender`, `phone_number`, `dob`, `address`, `username`, `password`, `status`, `type`) VALUES ('1030000127', 'Cô Hồng Lê', '1030000127@center.com', 0, '0929485179', '2012-11-21', '88 Trần Hẻm, Thành phố JohnThành phố, 883157', '1030000127', '123', 1, 'student');
INSERT INTO `student` (`id`, `emergency_contact`) VALUES ('1030000127', '0976764686');
INSERT INTO `user` (`id`, `name`, `email`, `gender`, `phone_number`, `dob`, `address`, `username`, `password`, `status`, `type`) VALUES ('1030000128', 'Quý cô Chi Vũ', '1030000128@center.com', 1, '0956475504', '2013-12-16', 'JanePhường, 933 John Ngõ, 826791', '1030000128', '123', 1, 'student');
INSERT INTO `student` (`id`, `emergency_contact`) VALUES ('1030000128', '0966330974');
INSERT INTO `user` (`id`, `name`, `email`, `gender`, `phone_number`, `dob`, `address`, `username`, `password`, `status`, `type`) VALUES ('1030000129', 'Anh Bảo Lê', '1030000129@center.com', 1, '0972924459', '2017-04-08', '55 Mai Khu, Thành phố JanePhường, 973968', '1030000129', '123', 1, 'student');
INSERT INTO `student` (`id`, `emergency_contact`) VALUES ('1030000129', '0900666835');
INSERT INTO `user` (`id`, `name`, `email`, `gender`, `phone_number`, `dob`, `address`, `username`, `password`, `status`, `type`) VALUES ('1030000130', 'Quý cô Linh Dương', '1030000130@center.com', 0, '0961304693', '2010-03-07', '55 Bùi Số, JohnQuận, 552275', '1030000130', '123', 1, 'student');
INSERT INTO `student` (`id`, `emergency_contact`) VALUES ('1030000130', '0905701363');
INSERT INTO `user` (`id`, `name`, `email`, `gender`, `phone_number`, `dob`, `address`, `username`, `password`, `status`, `type`) VALUES ('1010000131', 'Bà Vân Lê', '1010000131@center.com', 1, '0924796458', '1987-04-08', '46 Dương Đường, Huyện JanePhường, 172112', '1010000131', '123', 1, 'teacher');
INSERT INTO `employee` (`id`, `salary`, `hired_date`) VALUES ('1010000131', 8000000, '2021-01-29');
INSERT INTO `teacher` (`id`, `major`, `degree`) VALUES ('1010000131', 'Sư phạm Anh', 'Cử nhân');
INSERT INTO `user` (`id`, `name`, `email`, `gender`, `phone_number`, `dob`, `address`, `username`, `password`, `status`, `type`) VALUES ('1020000132', 'Cô Ánh Vũ', '1020000132@center.com', 1, '0906286942', '2003-03-28', '292 Hoàng Khu, Thành phố JohnXã, 275613', '1020000132', '123', 1, 'cashier');
INSERT INTO `employee` (`id`, `salary`, `hired_date`) VALUES ('1020000132', 12000000, '2023-07-26');
INSERT INTO `cashier` (`id`, `shift`) VALUES ('1020000132', 'Sáng (7h-12h)');
INSERT INTO `user` (`id`, `name`, `email`, `gender`, `phone_number`, `dob`, `address`, `username`, `password`, `status`, `type`) VALUES ('1030000133', 'Quý cô Ánh Dương', '1030000133@center.com', 0, '0934927440', '2012-04-14', '6 John Hẻm, Huyện JanePhường, 318748', '1030000133', '123', 1, 'student');
INSERT INTO `student` (`id`, `emergency_contact`) VALUES ('1030000133', '0982355956');
INSERT INTO `user` (`id`, `name`, `email`, `gender`, `phone_number`, `dob`, `address`, `username`, `password`, `status`, `type`) VALUES ('1030000134', 'Lâm Tấn Lê', '1030000134@center.com', 0, '0943028125', '2006-01-04', '9 Hoàng Làng, Thành phố JaneXã, 132873', '1030000134', '123', 1, 'student');
INSERT INTO `student` (`id`, `emergency_contact`) VALUES ('1030000134', '0950369075');
INSERT INTO `user` (`id`, `name`, `email`, `gender`, `phone_number`, `dob`, `address`, `username`, `password`, `status`, `type`) VALUES ('1030000135', 'Cô Kim Vũ', '1030000135@center.com', 0, '0971522887', '2011-03-19', '0 Lê Tổ, JaneThị xã, 738551', '1030000135', '123', 1, 'student');
INSERT INTO `student` (`id`, `emergency_contact`) VALUES ('1030000135', '0958910700');
INSERT INTO `user` (`id`, `name`, `email`, `gender`, `phone_number`, `dob`, `address`, `username`, `password`, `status`, `type`) VALUES ('1030000136', 'Anh Quang Dương', '1030000136@center.com', 0, '0988283938', '2005-05-10', '6 Bùi Hẻm, JohnPhường, 788788', '1030000136', '123', 1, 'student');
INSERT INTO `student` (`id`, `emergency_contact`) VALUES ('1030000136', '0906402205');
INSERT INTO `user` (`id`, `name`, `email`, `gender`, `phone_number`, `dob`, `address`, `username`, `password`, `status`, `type`) VALUES ('1030000137', 'Khoa Trần', '1030000137@center.com', 1, '0967192751', '2006-04-03', '16 Vũ Ngõ, JohnThành phố, 142884', '1030000137', '123', 1, 'student');
INSERT INTO `student` (`id`, `emergency_contact`) VALUES ('1030000137', '0951444145');
INSERT INTO `user` (`id`, `name`, `email`, `gender`, `phone_number`, `dob`, `address`, `username`, `password`, `status`, `type`) VALUES ('1030000138', 'Vi Lê', '1030000138@center.com', 1, '0906969967', '2004-02-08', '521 Hoàng Làng, Quận JaneThành phố, 149459', '1030000138', '123', 1, 'student');
INSERT INTO `student` (`id`, `emergency_contact`) VALUES ('1030000138', '0947238802');
INSERT INTO `user` (`id`, `name`, `email`, `gender`, `phone_number`, `dob`, `address`, `username`, `password`, `status`, `type`) VALUES ('1030000139', 'Bảo Thế Bùi', '1030000139@center.com', 0, '0963621037', '2013-09-11', '7 John Làng, Thành phố JaneHuyện, 380883', '1030000139', '123', 1, 'student');
INSERT INTO `student` (`id`, `emergency_contact`) VALUES ('1030000139', '0958907931');
INSERT INTO `user` (`id`, `name`, `email`, `gender`, `phone_number`, `dob`, `address`, `username`, `password`, `status`, `type`) VALUES ('1030000140', 'Trung Bùi', '1030000140@center.com', 1, '0982924008', '2000-03-25', '1 Jane Hẻm, Quận JohnHuyện, 106736', '1030000140', '123', 1, 'student');
INSERT INTO `student` (`id`, `emergency_contact`) VALUES ('1030000140', '0917906001');
INSERT INTO `user` (`id`, `name`, `email`, `gender`, `phone_number`, `dob`, `address`, `username`, `password`, `status`, `type`) VALUES ('1030000141', 'Hoàng Tấn Hoàng', '1030000141@center.com', 1, '0969305762', '2002-01-20', '75 Dương Ngõ, Huyện JaneThị xã, 914267', '1030000141', '123', 1, 'student');
INSERT INTO `student` (`id`, `emergency_contact`) VALUES ('1030000141', '0930790454');
INSERT INTO `user` (`id`, `name`, `email`, `gender`, `phone_number`, `dob`, `address`, `username`, `password`, `status`, `type`) VALUES ('1010000142', 'Phương Mai Bảo Mai', '1010000142@center.com', 0, '0928935122', '1984-06-01', '685 John Hẻm, Thành phố JanePhường, 692661', '1010000142', '123', 1, 'teacher');
INSERT INTO `employee` (`id`, `salary`, `hired_date`) VALUES ('1010000142', 8000000, '2021-11-29');
INSERT INTO `teacher` (`id`, `major`, `degree`) VALUES ('1010000142', 'Ngôn ngữ Anh', 'Thạc sĩ');
INSERT INTO `user` (`id`, `name`, `email`, `gender`, `phone_number`, `dob`, `address`, `username`, `password`, `status`, `type`) VALUES ('1030000143', 'Phương Vũ', '1030000143@center.com', 0, '0997535833', '2019-02-28', '95 Mai Tổ, Thành phố JaneHuyện, 458889', '1030000143', '123', 1, 'student');
INSERT INTO `student` (`id`, `emergency_contact`) VALUES ('1030000143', '0966695176');
INSERT INTO `user` (`id`, `name`, `email`, `gender`, `phone_number`, `dob`, `address`, `username`, `password`, `status`, `type`) VALUES ('1010000144', 'Mai Hoàng', '1010000144@center.com', 0, '0918210692', '1972-07-18', '93 John Đường, JohnHuyện, 288552', '1010000144', '123', 1, 'teacher');
INSERT INTO `employee` (`id`, `salary`, `hired_date`) VALUES ('1010000144', 15000000, '2023-10-29');
INSERT INTO `teacher` (`id`, `major`, `degree`) VALUES ('1010000144', 'TESOL', 'Thạc sĩ');
INSERT INTO `user` (`id`, `name`, `email`, `gender`, `phone_number`, `dob`, `address`, `username`, `password`, `status`, `type`) VALUES ('1030000145', 'Châu Dương', '1030000145@center.com', 1, '0941735546', '2014-03-09', '7 Lê Đường, JohnThị xã, 829120', '1030000145', '123', 1, 'student');
INSERT INTO `student` (`id`, `emergency_contact`) VALUES ('1030000145', '0923988137');
INSERT INTO `user` (`id`, `name`, `email`, `gender`, `phone_number`, `dob`, `address`, `username`, `password`, `status`, `type`) VALUES ('1030000146', 'Nhiên Dương', '1030000146@center.com', 1, '0958020707', '2007-03-05', '9 Jane Tổ, JaneXã, 906825', '1030000146', '123', 1, 'student');
INSERT INTO `student` (`id`, `emergency_contact`) VALUES ('1030000146', '0979469200');
INSERT INTO `user` (`id`, `name`, `email`, `gender`, `phone_number`, `dob`, `address`, `username`, `password`, `status`, `type`) VALUES ('1030000147', 'Quý cô Kim Phạm', '1030000147@center.com', 1, '0973131151', '2012-06-20', '438 Dương Làng, JohnHuyện, 355406', '1030000147', '123', 1, 'student');
INSERT INTO `student` (`id`, `emergency_contact`) VALUES ('1030000147', '0953114955');

-- 3. INSERT COURSES
INSERT INTO `course` (`id`, `name`, `fee`, `age`, `level`, `duration_hour`, `course_description`) VALUES ('C001', 'IELTS Intensive - 1', 5000000, 'ADULT', 'ADVANCED', '24h', 'Khóa học chất lượng cao');
INSERT INTO `course` (`id`, `name`, `fee`, `age`, `level`, `duration_hour`, `course_description`) VALUES ('C002', 'Tiếng Anh Trẻ Em - 2', 1000000, 'TEEN', 'BEGINNER', '36h', 'Khóa học chất lượng cao');
INSERT INTO `course` (`id`, `name`, `fee`, `age`, `level`, `duration_hour`, `course_description`) VALUES ('C003', 'Tiếng Anh Trẻ Em - 3', 3000000, 'ADULT', 'INTERMEDIATE', '36h', 'Khóa học chất lượng cao');
INSERT INTO `course` (`id`, `name`, `fee`, `age`, `level`, `duration_hour`, `course_description`) VALUES ('C004', 'Business English - 4', 1000000, 'KIDS', 'ADVANCED', '24h', 'Khóa học chất lượng cao');
INSERT INTO `course` (`id`, `name`, `fee`, `age`, `level`, `duration_hour`, `course_description`) VALUES ('C005', 'IELTS Foundation - 5', 2500000, 'ADULT', 'INTERMEDIATE', '24h', 'Khóa học chất lượng cao');
INSERT INTO `course` (`id`, `name`, `fee`, `age`, `level`, `duration_hour`, `course_description`) VALUES ('C006', 'Tiếng Anh Giao Tiếp - 6', 5000000, 'KIDS', 'INTERMEDIATE', '48h', 'Khóa học chất lượng cao');
INSERT INTO `course` (`id`, `name`, `fee`, `age`, `level`, `duration_hour`, `course_description`) VALUES ('C007', 'Tiếng Anh Giao Tiếp - 7', 5000000, 'ADULT', 'INTERMEDIATE', '24h', 'Khóa học chất lượng cao');
INSERT INTO `course` (`id`, `name`, `fee`, `age`, `level`, `duration_hour`, `course_description`) VALUES ('C008', 'Tiếng Anh Trẻ Em - 8', 1000000, 'KIDS', 'INTERMEDIATE', '24h', 'Khóa học chất lượng cao');
INSERT INTO `course` (`id`, `name`, `fee`, `age`, `level`, `duration_hour`, `course_description`) VALUES ('C009', 'Tiếng Anh Trẻ Em - 9', 5000000, 'TEEN', 'BEGINNER', '72h', 'Khóa học chất lượng cao');
INSERT INTO `course` (`id`, `name`, `fee`, `age`, `level`, `duration_hour`, `course_description`) VALUES ('C010', 'TOEIC Basic - 10', 3000000, 'KIDS', 'ADVANCED', '48h', 'Khóa học chất lượng cao');
INSERT INTO `course` (`id`, `name`, `fee`, `age`, `level`, `duration_hour`, `course_description`) VALUES ('C011', 'Business English - 11', 1000000, 'ADULT', 'INTERMEDIATE', '72h', 'Khóa học chất lượng cao');
INSERT INTO `course` (`id`, `name`, `fee`, `age`, `level`, `duration_hour`, `course_description`) VALUES ('C012', 'IELTS Intensive - 12', 1000000, 'KIDS', 'ADVANCED', '72h', 'Khóa học chất lượng cao');
INSERT INTO `course` (`id`, `name`, `fee`, `age`, `level`, `duration_hour`, `course_description`) VALUES ('C013', 'IELTS Foundation - 13', 1000000, 'ADULT', 'ADVANCED', '72h', 'Khóa học chất lượng cao');
INSERT INTO `course` (`id`, `name`, `fee`, `age`, `level`, `duration_hour`, `course_description`) VALUES ('C014', 'Tiếng Anh Giao Tiếp - 14', 2500000, 'ADULT', 'ADVANCED', '36h', 'Khóa học chất lượng cao');
INSERT INTO `course` (`id`, `name`, `fee`, `age`, `level`, `duration_hour`, `course_description`) VALUES ('C015', 'TOEIC Basic - 15', 5000000, 'KIDS', 'INTERMEDIATE', '36h', 'Khóa học chất lượng cao');
INSERT INTO `course` (`id`, `name`, `fee`, `age`, `level`, `duration_hour`, `course_description`) VALUES ('C016', 'Tiếng Anh Giao Tiếp - 16', 1000000, 'KIDS', 'INTERMEDIATE', '36h', 'Khóa học chất lượng cao');
INSERT INTO `course` (`id`, `name`, `fee`, `age`, `level`, `duration_hour`, `course_description`) VALUES ('C017', 'IELTS Intensive - 17', 2500000, 'KIDS', 'BEGINNER', '72h', 'Khóa học chất lượng cao');
INSERT INTO `course` (`id`, `name`, `fee`, `age`, `level`, `duration_hour`, `course_description`) VALUES ('C018', 'Tiếng Anh Giao Tiếp - 18', 2500000, 'KIDS', 'INTERMEDIATE', '48h', 'Khóa học chất lượng cao');
INSERT INTO `course` (`id`, `name`, `fee`, `age`, `level`, `duration_hour`, `course_description`) VALUES ('C019', 'English for IT - 19', 3000000, 'ADULT', 'BEGINNER', '48h', 'Khóa học chất lượng cao');
INSERT INTO `course` (`id`, `name`, `fee`, `age`, `level`, `duration_hour`, `course_description`) VALUES ('C020', 'IELTS Foundation - 20', 1000000, 'KIDS', 'ADVANCED', '24h', 'Khóa học chất lượng cao');

-- 4. INSERT GRADE COMPONENTS
INSERT INTO `grade_component` (`name`, `weight`, `course_id`) VALUES ('Mid-term', 0.4, 'C001');
INSERT INTO `grade_component` (`name`, `weight`, `course_id`) VALUES ('Final-term', 0.6, 'C001');
INSERT INTO `grade_component` (`name`, `weight`, `course_id`) VALUES ('Mid-term', 0.4, 'C002');
INSERT INTO `grade_component` (`name`, `weight`, `course_id`) VALUES ('Final-term', 0.6, 'C002');
INSERT INTO `grade_component` (`name`, `weight`, `course_id`) VALUES ('Mid-term', 0.4, 'C003');
INSERT INTO `grade_component` (`name`, `weight`, `course_id`) VALUES ('Final-term', 0.6, 'C003');
INSERT INTO `grade_component` (`name`, `weight`, `course_id`) VALUES ('Mid-term', 0.4, 'C004');
INSERT INTO `grade_component` (`name`, `weight`, `course_id`) VALUES ('Final-term', 0.6, 'C004');
INSERT INTO `grade_component` (`name`, `weight`, `course_id`) VALUES ('Mid-term', 0.4, 'C005');
INSERT INTO `grade_component` (`name`, `weight`, `course_id`) VALUES ('Final-term', 0.6, 'C005');
INSERT INTO `grade_component` (`name`, `weight`, `course_id`) VALUES ('Mid-term', 0.4, 'C006');
INSERT INTO `grade_component` (`name`, `weight`, `course_id`) VALUES ('Final-term', 0.6, 'C006');
INSERT INTO `grade_component` (`name`, `weight`, `course_id`) VALUES ('Mid-term', 0.4, 'C007');
INSERT INTO `grade_component` (`name`, `weight`, `course_id`) VALUES ('Final-term', 0.6, 'C007');
INSERT INTO `grade_component` (`name`, `weight`, `course_id`) VALUES ('Mid-term', 0.4, 'C008');
INSERT INTO `grade_component` (`name`, `weight`, `course_id`) VALUES ('Final-term', 0.6, 'C008');
INSERT INTO `grade_component` (`name`, `weight`, `course_id`) VALUES ('Mid-term', 0.4, 'C009');
INSERT INTO `grade_component` (`name`, `weight`, `course_id`) VALUES ('Final-term', 0.6, 'C009');
INSERT INTO `grade_component` (`name`, `weight`, `course_id`) VALUES ('Mid-term', 0.4, 'C010');
INSERT INTO `grade_component` (`name`, `weight`, `course_id`) VALUES ('Final-term', 0.6, 'C010');
INSERT INTO `grade_component` (`name`, `weight`, `course_id`) VALUES ('Mid-term', 0.4, 'C011');
INSERT INTO `grade_component` (`name`, `weight`, `course_id`) VALUES ('Final-term', 0.6, 'C011');
INSERT INTO `grade_component` (`name`, `weight`, `course_id`) VALUES ('Mid-term', 0.4, 'C012');
INSERT INTO `grade_component` (`name`, `weight`, `course_id`) VALUES ('Final-term', 0.6, 'C012');
INSERT INTO `grade_component` (`name`, `weight`, `course_id`) VALUES ('Mid-term', 0.4, 'C013');
INSERT INTO `grade_component` (`name`, `weight`, `course_id`) VALUES ('Final-term', 0.6, 'C013');
INSERT INTO `grade_component` (`name`, `weight`, `course_id`) VALUES ('Mid-term', 0.4, 'C014');
INSERT INTO `grade_component` (`name`, `weight`, `course_id`) VALUES ('Final-term', 0.6, 'C014');
INSERT INTO `grade_component` (`name`, `weight`, `course_id`) VALUES ('Mid-term', 0.4, 'C015');
INSERT INTO `grade_component` (`name`, `weight`, `course_id`) VALUES ('Final-term', 0.6, 'C015');
INSERT INTO `grade_component` (`name`, `weight`, `course_id`) VALUES ('Mid-term', 0.4, 'C016');
INSERT INTO `grade_component` (`name`, `weight`, `course_id`) VALUES ('Final-term', 0.6, 'C016');
INSERT INTO `grade_component` (`name`, `weight`, `course_id`) VALUES ('Mid-term', 0.4, 'C017');
INSERT INTO `grade_component` (`name`, `weight`, `course_id`) VALUES ('Final-term', 0.6, 'C017');
INSERT INTO `grade_component` (`name`, `weight`, `course_id`) VALUES ('Mid-term', 0.4, 'C018');
INSERT INTO `grade_component` (`name`, `weight`, `course_id`) VALUES ('Final-term', 0.6, 'C018');
INSERT INTO `grade_component` (`name`, `weight`, `course_id`) VALUES ('Mid-term', 0.4, 'C019');
INSERT INTO `grade_component` (`name`, `weight`, `course_id`) VALUES ('Final-term', 0.6, 'C019');
INSERT INTO `grade_component` (`name`, `weight`, `course_id`) VALUES ('Mid-term', 0.4, 'C020');
INSERT INTO `grade_component` (`name`, `weight`, `course_id`) VALUES ('Final-term', 0.6, 'C020');

-- 5. INSERT CLASSROOMS
INSERT INTO `classroom` (`id`, `name`, `start_date`, `end_date`, `max_student`, `teacher_id`, `course_id`) VALUES ('CL001', 'Lớp C005-1', '2025-01-28', '2025-04-28', 22, '1010000083', 'C005');
INSERT INTO `classroom` (`id`, `name`, `start_date`, `end_date`, `max_student`, `teacher_id`, `course_id`) VALUES ('CL002', 'Lớp C016-2', '2025-10-27', '2026-01-25', 18, '1010000083', 'C016');
INSERT INTO `classroom` (`id`, `name`, `start_date`, `end_date`, `max_student`, `teacher_id`, `course_id`) VALUES ('CL003', 'Lớp C013-3', '2025-09-25', '2025-12-24', 24, '1010000071', 'C013');
INSERT INTO `classroom` (`id`, `name`, `start_date`, `end_date`, `max_student`, `teacher_id`, `course_id`) VALUES ('CL004', 'Lớp C007-4', '2025-03-13', '2025-06-11', 11, '1010000020', 'C007');
INSERT INTO `classroom` (`id`, `name`, `start_date`, `end_date`, `max_student`, `teacher_id`, `course_id`) VALUES ('CL005', 'Lớp C016-5', '2025-07-05', '2025-10-03', 28, '1010000071', 'C016');
INSERT INTO `classroom` (`id`, `name`, `start_date`, `end_date`, `max_student`, `teacher_id`, `course_id`) VALUES ('CL006', 'Lớp C012-6', '2025-02-09', '2025-05-10', 19, '1010000088', 'C012');
INSERT INTO `classroom` (`id`, `name`, `start_date`, `end_date`, `max_student`, `teacher_id`, `course_id`) VALUES ('CL007', 'Lớp C007-7', '2025-06-30', '2025-09-28', 20, '1010000078', 'C007');
INSERT INTO `classroom` (`id`, `name`, `start_date`, `end_date`, `max_student`, `teacher_id`, `course_id`) VALUES ('CL008', 'Lớp C014-8', '2025-09-03', '2025-12-02', 15, '1010000028', 'C014');
INSERT INTO `classroom` (`id`, `name`, `start_date`, `end_date`, `max_student`, `teacher_id`, `course_id`) VALUES ('CL009', 'Lớp C004-9', '2025-09-05', '2025-12-04', 30, '1010000038', 'C004');
INSERT INTO `classroom` (`id`, `name`, `start_date`, `end_date`, `max_student`, `teacher_id`, `course_id`) VALUES ('CL010', 'Lớp C016-10', '2025-07-23', '2025-10-21', 22, '1010000106', 'C016');
INSERT INTO `classroom` (`id`, `name`, `start_date`, `end_date`, `max_student`, `teacher_id`, `course_id`) VALUES ('CL011', 'Lớp C020-11', '2025-01-17', '2025-04-17', 13, '1010000077', 'C020');
INSERT INTO `classroom` (`id`, `name`, `start_date`, `end_date`, `max_student`, `teacher_id`, `course_id`) VALUES ('CL012', 'Lớp C013-12', '2025-11-16', '2026-02-14', 23, '1010000119', 'C013');
INSERT INTO `classroom` (`id`, `name`, `start_date`, `end_date`, `max_student`, `teacher_id`, `course_id`) VALUES ('CL013', 'Lớp C014-13', '2025-11-27', '2026-02-25', 25, '1010000020', 'C014');
INSERT INTO `classroom` (`id`, `name`, `start_date`, `end_date`, `max_student`, `teacher_id`, `course_id`) VALUES ('CL014', 'Lớp C014-14', '2025-05-26', '2025-08-24', 29, '1010000119', 'C014');
INSERT INTO `classroom` (`id`, `name`, `start_date`, `end_date`, `max_student`, `teacher_id`, `course_id`) VALUES ('CL015', 'Lớp C008-15', '2025-06-08', '2025-09-06', 14, '1010000022', 'C008');
INSERT INTO `classroom` (`id`, `name`, `start_date`, `end_date`, `max_student`, `teacher_id`, `course_id`) VALUES ('CL016', 'Lớp C010-16', '2025-02-21', '2025-05-22', 20, '1010000119', 'C010');
INSERT INTO `classroom` (`id`, `name`, `start_date`, `end_date`, `max_student`, `teacher_id`, `course_id`) VALUES ('CL017', 'Lớp C007-17', '2025-08-29', '2025-11-27', 26, '1010000032', 'C007');
INSERT INTO `classroom` (`id`, `name`, `start_date`, `end_date`, `max_student`, `teacher_id`, `course_id`) VALUES ('CL018', 'Lớp C009-18', '2025-02-12', '2025-05-13', 25, '1010000020', 'C009');
INSERT INTO `classroom` (`id`, `name`, `start_date`, `end_date`, `max_student`, `teacher_id`, `course_id`) VALUES ('CL019', 'Lớp C005-19', '2025-07-25', '2025-10-23', 30, '1010000106', 'C005');
INSERT INTO `classroom` (`id`, `name`, `start_date`, `end_date`, `max_student`, `teacher_id`, `course_id`) VALUES ('CL020', 'Lớp C004-20', '2025-04-22', '2025-07-21', 17, '1010000142', 'C004');
INSERT INTO `classroom` (`id`, `name`, `start_date`, `end_date`, `max_student`, `teacher_id`, `course_id`) VALUES ('CL021', 'Lớp C010-21', '2025-07-27', '2025-10-25', 13, '1010000106', 'C010');
INSERT INTO `classroom` (`id`, `name`, `start_date`, `end_date`, `max_student`, `teacher_id`, `course_id`) VALUES ('CL022', 'Lớp C018-22', '2025-03-10', '2025-06-08', 12, '1010000131', 'C018');
INSERT INTO `classroom` (`id`, `name`, `start_date`, `end_date`, `max_student`, `teacher_id`, `course_id`) VALUES ('CL023', 'Lớp C005-23', '2025-09-05', '2025-12-04', 23, '1010000142', 'C005');
INSERT INTO `classroom` (`id`, `name`, `start_date`, `end_date`, `max_student`, `teacher_id`, `course_id`) VALUES ('CL024', 'Lớp C009-24', '2025-10-11', '2026-01-09', 29, '1010000106', 'C009');
INSERT INTO `classroom` (`id`, `name`, `start_date`, `end_date`, `max_student`, `teacher_id`, `course_id`) VALUES ('CL025', 'Lớp C018-25', '2025-01-07', '2025-04-07', 12, '1010000144', 'C018');
INSERT INTO `classroom` (`id`, `name`, `start_date`, `end_date`, `max_student`, `teacher_id`, `course_id`) VALUES ('CL026', 'Lớp C011-26', '2025-07-02', '2025-09-30', 29, '1010000071', 'C011');
INSERT INTO `classroom` (`id`, `name`, `start_date`, `end_date`, `max_student`, `teacher_id`, `course_id`) VALUES ('CL027', 'Lớp C014-27', '2025-06-14', '2025-09-12', 10, '1010000028', 'C014');
INSERT INTO `classroom` (`id`, `name`, `start_date`, `end_date`, `max_student`, `teacher_id`, `course_id`) VALUES ('CL028', 'Lớp C001-28', '2025-11-20', '2026-02-18', 10, '1010000032', 'C001');
INSERT INTO `classroom` (`id`, `name`, `start_date`, `end_date`, `max_student`, `teacher_id`, `course_id`) VALUES ('CL029', 'Lớp C013-29', '2025-02-23', '2025-05-24', 27, '1010000078', 'C013');
INSERT INTO `classroom` (`id`, `name`, `start_date`, `end_date`, `max_student`, `teacher_id`, `course_id`) VALUES ('CL030', 'Lớp C015-30', '2025-03-28', '2025-06-26', 29, '1010000077', 'C015');
INSERT INTO `classroom` (`id`, `name`, `start_date`, `end_date`, `max_student`, `teacher_id`, `course_id`) VALUES ('CL031', 'Lớp C014-31', '2025-05-04', '2025-08-02', 13, '1010000032', 'C014');
INSERT INTO `classroom` (`id`, `name`, `start_date`, `end_date`, `max_student`, `teacher_id`, `course_id`) VALUES ('CL032', 'Lớp C019-32', '2025-03-20', '2025-06-18', 24, '1010000083', 'C019');
INSERT INTO `classroom` (`id`, `name`, `start_date`, `end_date`, `max_student`, `teacher_id`, `course_id`) VALUES ('CL033', 'Lớp C018-33', '2025-06-20', '2025-09-18', 29, '1010000071', 'C018');
INSERT INTO `classroom` (`id`, `name`, `start_date`, `end_date`, `max_student`, `teacher_id`, `course_id`) VALUES ('CL034', 'Lớp C010-34', '2025-02-20', '2025-05-21', 25, '1010000088', 'C010');
INSERT INTO `classroom` (`id`, `name`, `start_date`, `end_date`, `max_student`, `teacher_id`, `course_id`) VALUES ('CL035', 'Lớp C013-35', '2025-04-20', '2025-07-19', 24, '1010000142', 'C013');
INSERT INTO `classroom` (`id`, `name`, `start_date`, `end_date`, `max_student`, `teacher_id`, `course_id`) VALUES ('CL036', 'Lớp C010-36', '2025-10-27', '2026-01-25', 20, '1010000119', 'C010');
INSERT INTO `classroom` (`id`, `name`, `start_date`, `end_date`, `max_student`, `teacher_id`, `course_id`) VALUES ('CL037', 'Lớp C003-37', '2025-05-10', '2025-08-08', 17, '1010000142', 'C003');
INSERT INTO `classroom` (`id`, `name`, `start_date`, `end_date`, `max_student`, `teacher_id`, `course_id`) VALUES ('CL038', 'Lớp C011-38', '2025-04-05', '2025-07-04', 14, '1010000071', 'C011');
INSERT INTO `classroom` (`id`, `name`, `start_date`, `end_date`, `max_student`, `teacher_id`, `course_id`) VALUES ('CL039', 'Lớp C002-39', '2025-09-13', '2025-12-12', 16, '1010000078', 'C002');
INSERT INTO `classroom` (`id`, `name`, `start_date`, `end_date`, `max_student`, `teacher_id`, `course_id`) VALUES ('CL040', 'Lớp C016-40', '2024-12-12', '2025-03-12', 11, '1010000028', 'C016');
INSERT INTO `classroom` (`id`, `name`, `start_date`, `end_date`, `max_student`, `teacher_id`, `course_id`) VALUES ('CL041', 'Lớp C009-41', '2024-12-20', '2025-03-20', 15, '1010000088', 'C009');
INSERT INTO `classroom` (`id`, `name`, `start_date`, `end_date`, `max_student`, `teacher_id`, `course_id`) VALUES ('CL042', 'Lớp C001-42', '2025-02-16', '2025-05-17', 23, '1010000083', 'C001');
INSERT INTO `classroom` (`id`, `name`, `start_date`, `end_date`, `max_student`, `teacher_id`, `course_id`) VALUES ('CL043', 'Lớp C011-43', '2025-02-18', '2025-05-19', 10, '1010000038', 'C011');
INSERT INTO `classroom` (`id`, `name`, `start_date`, `end_date`, `max_student`, `teacher_id`, `course_id`) VALUES ('CL044', 'Lớp C009-44', '2025-07-26', '2025-10-24', 25, '1010000032', 'C009');
INSERT INTO `classroom` (`id`, `name`, `start_date`, `end_date`, `max_student`, `teacher_id`, `course_id`) VALUES ('CL045', 'Lớp C016-45', '2025-10-22', '2026-01-20', 14, '1010000142', 'C016');
INSERT INTO `classroom` (`id`, `name`, `start_date`, `end_date`, `max_student`, `teacher_id`, `course_id`) VALUES ('CL046', 'Lớp C004-46', '2025-02-05', '2025-05-06', 11, '1010000088', 'C004');
INSERT INTO `classroom` (`id`, `name`, `start_date`, `end_date`, `max_student`, `teacher_id`, `course_id`) VALUES ('CL047', 'Lớp C002-47', '2025-10-28', '2026-01-26', 12, '1010000144', 'C002');
INSERT INTO `classroom` (`id`, `name`, `start_date`, `end_date`, `max_student`, `teacher_id`, `course_id`) VALUES ('CL048', 'Lớp C019-48', '2025-07-08', '2025-10-06', 17, '1010000028', 'C019');
INSERT INTO `classroom` (`id`, `name`, `start_date`, `end_date`, `max_student`, `teacher_id`, `course_id`) VALUES ('CL049', 'Lớp C014-49', '2025-05-30', '2025-08-28', 17, '1010000032', 'C014');
INSERT INTO `classroom` (`id`, `name`, `start_date`, `end_date`, `max_student`, `teacher_id`, `course_id`) VALUES ('CL050', 'Lớp C009-50', '2025-01-04', '2025-04-04', 17, '1010000144', 'C009');

-- 6. INSERT SCHEDULE DETAILS
INSERT INTO `schedule_detail` (`day`, `start_time`, `end_time`, `class_id`) VALUES ('THURSDAY', '18:00:00', '19:30:00', 'CL001');
INSERT INTO `schedule_detail` (`day`, `start_time`, `end_time`, `class_id`) VALUES ('TUESDAY', '18:00:00', '19:30:00', 'CL001');
INSERT INTO `schedule_detail` (`day`, `start_time`, `end_time`, `class_id`) VALUES ('SUNDAY', '18:00:00', '19:30:00', 'CL002');
INSERT INTO `schedule_detail` (`day`, `start_time`, `end_time`, `class_id`) VALUES ('THURSDAY', '18:00:00', '19:30:00', 'CL002');
INSERT INTO `schedule_detail` (`day`, `start_time`, `end_time`, `class_id`) VALUES ('MONDAY', '18:00:00', '19:30:00', 'CL003');
INSERT INTO `schedule_detail` (`day`, `start_time`, `end_time`, `class_id`) VALUES ('TUESDAY', '18:00:00', '19:30:00', 'CL003');
INSERT INTO `schedule_detail` (`day`, `start_time`, `end_time`, `class_id`) VALUES ('THURSDAY', '18:00:00', '19:30:00', 'CL004');
INSERT INTO `schedule_detail` (`day`, `start_time`, `end_time`, `class_id`) VALUES ('FRIDAY', '18:00:00', '19:30:00', 'CL004');
INSERT INTO `schedule_detail` (`day`, `start_time`, `end_time`, `class_id`) VALUES ('FRIDAY', '18:00:00', '19:30:00', 'CL005');
INSERT INTO `schedule_detail` (`day`, `start_time`, `end_time`, `class_id`) VALUES ('WEDNESDAY', '18:00:00', '19:30:00', 'CL005');
INSERT INTO `schedule_detail` (`day`, `start_time`, `end_time`, `class_id`) VALUES ('TUESDAY', '18:00:00', '19:30:00', 'CL006');
INSERT INTO `schedule_detail` (`day`, `start_time`, `end_time`, `class_id`) VALUES ('THURSDAY', '18:00:00', '19:30:00', 'CL006');
INSERT INTO `schedule_detail` (`day`, `start_time`, `end_time`, `class_id`) VALUES ('SATURDAY', '18:00:00', '19:30:00', 'CL007');
INSERT INTO `schedule_detail` (`day`, `start_time`, `end_time`, `class_id`) VALUES ('FRIDAY', '18:00:00', '19:30:00', 'CL007');
INSERT INTO `schedule_detail` (`day`, `start_time`, `end_time`, `class_id`) VALUES ('FRIDAY', '18:00:00', '19:30:00', 'CL008');
INSERT INTO `schedule_detail` (`day`, `start_time`, `end_time`, `class_id`) VALUES ('THURSDAY', '18:00:00', '19:30:00', 'CL008');
INSERT INTO `schedule_detail` (`day`, `start_time`, `end_time`, `class_id`) VALUES ('THURSDAY', '18:00:00', '19:30:00', 'CL009');
INSERT INTO `schedule_detail` (`day`, `start_time`, `end_time`, `class_id`) VALUES ('FRIDAY', '18:00:00', '19:30:00', 'CL009');
INSERT INTO `schedule_detail` (`day`, `start_time`, `end_time`, `class_id`) VALUES ('THURSDAY', '18:00:00', '19:30:00', 'CL010');
INSERT INTO `schedule_detail` (`day`, `start_time`, `end_time`, `class_id`) VALUES ('SUNDAY', '18:00:00', '19:30:00', 'CL010');
INSERT INTO `schedule_detail` (`day`, `start_time`, `end_time`, `class_id`) VALUES ('WEDNESDAY', '18:00:00', '19:30:00', 'CL011');
INSERT INTO `schedule_detail` (`day`, `start_time`, `end_time`, `class_id`) VALUES ('SATURDAY', '18:00:00', '19:30:00', 'CL011');
INSERT INTO `schedule_detail` (`day`, `start_time`, `end_time`, `class_id`) VALUES ('WEDNESDAY', '18:00:00', '19:30:00', 'CL012');
INSERT INTO `schedule_detail` (`day`, `start_time`, `end_time`, `class_id`) VALUES ('TUESDAY', '18:00:00', '19:30:00', 'CL012');
INSERT INTO `schedule_detail` (`day`, `start_time`, `end_time`, `class_id`) VALUES ('WEDNESDAY', '18:00:00', '19:30:00', 'CL013');
INSERT INTO `schedule_detail` (`day`, `start_time`, `end_time`, `class_id`) VALUES ('FRIDAY', '18:00:00', '19:30:00', 'CL013');
INSERT INTO `schedule_detail` (`day`, `start_time`, `end_time`, `class_id`) VALUES ('MONDAY', '18:00:00', '19:30:00', 'CL014');
INSERT INTO `schedule_detail` (`day`, `start_time`, `end_time`, `class_id`) VALUES ('SUNDAY', '18:00:00', '19:30:00', 'CL014');
INSERT INTO `schedule_detail` (`day`, `start_time`, `end_time`, `class_id`) VALUES ('SATURDAY', '18:00:00', '19:30:00', 'CL015');
INSERT INTO `schedule_detail` (`day`, `start_time`, `end_time`, `class_id`) VALUES ('THURSDAY', '18:00:00', '19:30:00', 'CL015');
INSERT INTO `schedule_detail` (`day`, `start_time`, `end_time`, `class_id`) VALUES ('MONDAY', '18:00:00', '19:30:00', 'CL016');
INSERT INTO `schedule_detail` (`day`, `start_time`, `end_time`, `class_id`) VALUES ('SUNDAY', '18:00:00', '19:30:00', 'CL016');
INSERT INTO `schedule_detail` (`day`, `start_time`, `end_time`, `class_id`) VALUES ('WEDNESDAY', '18:00:00', '19:30:00', 'CL017');
INSERT INTO `schedule_detail` (`day`, `start_time`, `end_time`, `class_id`) VALUES ('SATURDAY', '18:00:00', '19:30:00', 'CL017');
INSERT INTO `schedule_detail` (`day`, `start_time`, `end_time`, `class_id`) VALUES ('MONDAY', '18:00:00', '19:30:00', 'CL018');
INSERT INTO `schedule_detail` (`day`, `start_time`, `end_time`, `class_id`) VALUES ('TUESDAY', '18:00:00', '19:30:00', 'CL018');
INSERT INTO `schedule_detail` (`day`, `start_time`, `end_time`, `class_id`) VALUES ('FRIDAY', '18:00:00', '19:30:00', 'CL019');
INSERT INTO `schedule_detail` (`day`, `start_time`, `end_time`, `class_id`) VALUES ('SUNDAY', '18:00:00', '19:30:00', 'CL019');
INSERT INTO `schedule_detail` (`day`, `start_time`, `end_time`, `class_id`) VALUES ('WEDNESDAY', '18:00:00', '19:30:00', 'CL020');
INSERT INTO `schedule_detail` (`day`, `start_time`, `end_time`, `class_id`) VALUES ('TUESDAY', '18:00:00', '19:30:00', 'CL020');
INSERT INTO `schedule_detail` (`day`, `start_time`, `end_time`, `class_id`) VALUES ('THURSDAY', '18:00:00', '19:30:00', 'CL021');
INSERT INTO `schedule_detail` (`day`, `start_time`, `end_time`, `class_id`) VALUES ('WEDNESDAY', '18:00:00', '19:30:00', 'CL021');
INSERT INTO `schedule_detail` (`day`, `start_time`, `end_time`, `class_id`) VALUES ('THURSDAY', '18:00:00', '19:30:00', 'CL022');
INSERT INTO `schedule_detail` (`day`, `start_time`, `end_time`, `class_id`) VALUES ('WEDNESDAY', '18:00:00', '19:30:00', 'CL022');
INSERT INTO `schedule_detail` (`day`, `start_time`, `end_time`, `class_id`) VALUES ('MONDAY', '18:00:00', '19:30:00', 'CL023');
INSERT INTO `schedule_detail` (`day`, `start_time`, `end_time`, `class_id`) VALUES ('SUNDAY', '18:00:00', '19:30:00', 'CL023');
INSERT INTO `schedule_detail` (`day`, `start_time`, `end_time`, `class_id`) VALUES ('MONDAY', '18:00:00', '19:30:00', 'CL024');
INSERT INTO `schedule_detail` (`day`, `start_time`, `end_time`, `class_id`) VALUES ('THURSDAY', '18:00:00', '19:30:00', 'CL024');
INSERT INTO `schedule_detail` (`day`, `start_time`, `end_time`, `class_id`) VALUES ('SUNDAY', '18:00:00', '19:30:00', 'CL025');
INSERT INTO `schedule_detail` (`day`, `start_time`, `end_time`, `class_id`) VALUES ('THURSDAY', '18:00:00', '19:30:00', 'CL025');
INSERT INTO `schedule_detail` (`day`, `start_time`, `end_time`, `class_id`) VALUES ('MONDAY', '18:00:00', '19:30:00', 'CL026');
INSERT INTO `schedule_detail` (`day`, `start_time`, `end_time`, `class_id`) VALUES ('WEDNESDAY', '18:00:00', '19:30:00', 'CL026');
INSERT INTO `schedule_detail` (`day`, `start_time`, `end_time`, `class_id`) VALUES ('TUESDAY', '18:00:00', '19:30:00', 'CL027');
INSERT INTO `schedule_detail` (`day`, `start_time`, `end_time`, `class_id`) VALUES ('SATURDAY', '18:00:00', '19:30:00', 'CL027');
INSERT INTO `schedule_detail` (`day`, `start_time`, `end_time`, `class_id`) VALUES ('SUNDAY', '18:00:00', '19:30:00', 'CL028');
INSERT INTO `schedule_detail` (`day`, `start_time`, `end_time`, `class_id`) VALUES ('TUESDAY', '18:00:00', '19:30:00', 'CL028');
INSERT INTO `schedule_detail` (`day`, `start_time`, `end_time`, `class_id`) VALUES ('SATURDAY', '18:00:00', '19:30:00', 'CL029');
INSERT INTO `schedule_detail` (`day`, `start_time`, `end_time`, `class_id`) VALUES ('THURSDAY', '18:00:00', '19:30:00', 'CL029');
INSERT INTO `schedule_detail` (`day`, `start_time`, `end_time`, `class_id`) VALUES ('SATURDAY', '18:00:00', '19:30:00', 'CL030');
INSERT INTO `schedule_detail` (`day`, `start_time`, `end_time`, `class_id`) VALUES ('MONDAY', '18:00:00', '19:30:00', 'CL030');
INSERT INTO `schedule_detail` (`day`, `start_time`, `end_time`, `class_id`) VALUES ('FRIDAY', '18:00:00', '19:30:00', 'CL031');
INSERT INTO `schedule_detail` (`day`, `start_time`, `end_time`, `class_id`) VALUES ('THURSDAY', '18:00:00', '19:30:00', 'CL031');
INSERT INTO `schedule_detail` (`day`, `start_time`, `end_time`, `class_id`) VALUES ('MONDAY', '18:00:00', '19:30:00', 'CL032');
INSERT INTO `schedule_detail` (`day`, `start_time`, `end_time`, `class_id`) VALUES ('FRIDAY', '18:00:00', '19:30:00', 'CL032');
INSERT INTO `schedule_detail` (`day`, `start_time`, `end_time`, `class_id`) VALUES ('TUESDAY', '18:00:00', '19:30:00', 'CL033');
INSERT INTO `schedule_detail` (`day`, `start_time`, `end_time`, `class_id`) VALUES ('FRIDAY', '18:00:00', '19:30:00', 'CL033');
INSERT INTO `schedule_detail` (`day`, `start_time`, `end_time`, `class_id`) VALUES ('TUESDAY', '18:00:00', '19:30:00', 'CL034');
INSERT INTO `schedule_detail` (`day`, `start_time`, `end_time`, `class_id`) VALUES ('SUNDAY', '18:00:00', '19:30:00', 'CL034');
INSERT INTO `schedule_detail` (`day`, `start_time`, `end_time`, `class_id`) VALUES ('FRIDAY', '18:00:00', '19:30:00', 'CL035');
INSERT INTO `schedule_detail` (`day`, `start_time`, `end_time`, `class_id`) VALUES ('SUNDAY', '18:00:00', '19:30:00', 'CL035');
INSERT INTO `schedule_detail` (`day`, `start_time`, `end_time`, `class_id`) VALUES ('WEDNESDAY', '18:00:00', '19:30:00', 'CL036');
INSERT INTO `schedule_detail` (`day`, `start_time`, `end_time`, `class_id`) VALUES ('MONDAY', '18:00:00', '19:30:00', 'CL036');
INSERT INTO `schedule_detail` (`day`, `start_time`, `end_time`, `class_id`) VALUES ('TUESDAY', '18:00:00', '19:30:00', 'CL037');
INSERT INTO `schedule_detail` (`day`, `start_time`, `end_time`, `class_id`) VALUES ('MONDAY', '18:00:00', '19:30:00', 'CL037');
INSERT INTO `schedule_detail` (`day`, `start_time`, `end_time`, `class_id`) VALUES ('FRIDAY', '18:00:00', '19:30:00', 'CL038');
INSERT INTO `schedule_detail` (`day`, `start_time`, `end_time`, `class_id`) VALUES ('SATURDAY', '18:00:00', '19:30:00', 'CL038');
INSERT INTO `schedule_detail` (`day`, `start_time`, `end_time`, `class_id`) VALUES ('WEDNESDAY', '18:00:00', '19:30:00', 'CL039');
INSERT INTO `schedule_detail` (`day`, `start_time`, `end_time`, `class_id`) VALUES ('THURSDAY', '18:00:00', '19:30:00', 'CL039');
INSERT INTO `schedule_detail` (`day`, `start_time`, `end_time`, `class_id`) VALUES ('TUESDAY', '18:00:00', '19:30:00', 'CL040');
INSERT INTO `schedule_detail` (`day`, `start_time`, `end_time`, `class_id`) VALUES ('WEDNESDAY', '18:00:00', '19:30:00', 'CL040');
INSERT INTO `schedule_detail` (`day`, `start_time`, `end_time`, `class_id`) VALUES ('SUNDAY', '18:00:00', '19:30:00', 'CL041');
INSERT INTO `schedule_detail` (`day`, `start_time`, `end_time`, `class_id`) VALUES ('THURSDAY', '18:00:00', '19:30:00', 'CL041');
INSERT INTO `schedule_detail` (`day`, `start_time`, `end_time`, `class_id`) VALUES ('SUNDAY', '18:00:00', '19:30:00', 'CL042');
INSERT INTO `schedule_detail` (`day`, `start_time`, `end_time`, `class_id`) VALUES ('TUESDAY', '18:00:00', '19:30:00', 'CL042');
INSERT INTO `schedule_detail` (`day`, `start_time`, `end_time`, `class_id`) VALUES ('MONDAY', '18:00:00', '19:30:00', 'CL043');
INSERT INTO `schedule_detail` (`day`, `start_time`, `end_time`, `class_id`) VALUES ('SATURDAY', '18:00:00', '19:30:00', 'CL043');
INSERT INTO `schedule_detail` (`day`, `start_time`, `end_time`, `class_id`) VALUES ('TUESDAY', '18:00:00', '19:30:00', 'CL044');
INSERT INTO `schedule_detail` (`day`, `start_time`, `end_time`, `class_id`) VALUES ('FRIDAY', '18:00:00', '19:30:00', 'CL044');
INSERT INTO `schedule_detail` (`day`, `start_time`, `end_time`, `class_id`) VALUES ('WEDNESDAY', '18:00:00', '19:30:00', 'CL045');
INSERT INTO `schedule_detail` (`day`, `start_time`, `end_time`, `class_id`) VALUES ('SATURDAY', '18:00:00', '19:30:00', 'CL045');
INSERT INTO `schedule_detail` (`day`, `start_time`, `end_time`, `class_id`) VALUES ('FRIDAY', '18:00:00', '19:30:00', 'CL046');
INSERT INTO `schedule_detail` (`day`, `start_time`, `end_time`, `class_id`) VALUES ('THURSDAY', '18:00:00', '19:30:00', 'CL046');
INSERT INTO `schedule_detail` (`day`, `start_time`, `end_time`, `class_id`) VALUES ('SATURDAY', '18:00:00', '19:30:00', 'CL047');
INSERT INTO `schedule_detail` (`day`, `start_time`, `end_time`, `class_id`) VALUES ('MONDAY', '18:00:00', '19:30:00', 'CL047');
INSERT INTO `schedule_detail` (`day`, `start_time`, `end_time`, `class_id`) VALUES ('SATURDAY', '18:00:00', '19:30:00', 'CL048');
INSERT INTO `schedule_detail` (`day`, `start_time`, `end_time`, `class_id`) VALUES ('SUNDAY', '18:00:00', '19:30:00', 'CL048');
INSERT INTO `schedule_detail` (`day`, `start_time`, `end_time`, `class_id`) VALUES ('MONDAY', '18:00:00', '19:30:00', 'CL049');
INSERT INTO `schedule_detail` (`day`, `start_time`, `end_time`, `class_id`) VALUES ('TUESDAY', '18:00:00', '19:30:00', 'CL049');
INSERT INTO `schedule_detail` (`day`, `start_time`, `end_time`, `class_id`) VALUES ('SUNDAY', '18:00:00', '19:30:00', 'CL050');
INSERT INTO `schedule_detail` (`day`, `start_time`, `end_time`, `class_id`) VALUES ('SATURDAY', '18:00:00', '19:30:00', 'CL050');

-- 7. INSERT ENROLLMENTS
INSERT INTO `enrollment` (`register_date`, `status`, `student_id`, `class_id`) VALUES ('2025-03-11', 'PENDING', '1030000001', 'CL038');
INSERT INTO `enrollment` (`register_date`, `status`, `student_id`, `class_id`) VALUES ('2025-06-16', 'PENDING', '1030000001', 'CL012');
INSERT INTO `enrollment` (`register_date`, `status`, `student_id`, `class_id`) VALUES ('2025-03-25', 'REJECTED', '1030000002', 'CL036');
INSERT INTO `enrollment` (`register_date`, `status`, `student_id`, `class_id`) VALUES ('2025-08-28', 'APPROVED', '1030000002', 'CL038');
INSERT INTO `enrollment` (`register_date`, `status`, `student_id`, `class_id`) VALUES ('2025-06-10', 'APPROVED', '1030000003', 'CL036');
INSERT INTO `enrollment` (`register_date`, `status`, `student_id`, `class_id`) VALUES ('2025-05-16', 'APPROVED', '1030000003', 'CL006');
INSERT INTO `enrollment` (`register_date`, `status`, `student_id`, `class_id`) VALUES ('2025-10-16', 'REJECTED', '1030000004', 'CL029');
INSERT INTO `enrollment` (`register_date`, `status`, `student_id`, `class_id`) VALUES ('2025-04-05', 'PENDING', '1030000005', 'CL001');
INSERT INTO `enrollment` (`register_date`, `status`, `student_id`, `class_id`) VALUES ('2025-10-29', 'REJECTED', '1030000006', 'CL033');
INSERT INTO `enrollment` (`register_date`, `status`, `student_id`, `class_id`) VALUES ('2025-08-22', 'APPROVED', '1030000007', 'CL037');
INSERT INTO `enrollment` (`register_date`, `status`, `student_id`, `class_id`) VALUES ('2025-09-18', 'REJECTED', '1030000007', 'CL047');
INSERT INTO `enrollment` (`register_date`, `status`, `student_id`, `class_id`) VALUES ('2025-12-02', 'APPROVED', '1030000008', 'CL038');
INSERT INTO `enrollment` (`register_date`, `status`, `student_id`, `class_id`) VALUES ('2025-09-01', 'PENDING', '1030000008', 'CL007');
INSERT INTO `enrollment` (`register_date`, `status`, `student_id`, `class_id`) VALUES ('2025-11-08', 'REJECTED', '1030000009', 'CL008');
INSERT INTO `enrollment` (`register_date`, `status`, `student_id`, `class_id`) VALUES ('2025-08-31', 'APPROVED', '1030000010', 'CL048');
INSERT INTO `enrollment` (`register_date`, `status`, `student_id`, `class_id`) VALUES ('2025-05-02', 'REJECTED', '1030000011', 'CL006');
INSERT INTO `enrollment` (`register_date`, `status`, `student_id`, `class_id`) VALUES ('2024-12-25', 'APPROVED', '1030000012', 'CL002');
INSERT INTO `enrollment` (`register_date`, `status`, `student_id`, `class_id`) VALUES ('2025-11-04', 'PENDING', '1030000014', 'CL003');
INSERT INTO `enrollment` (`register_date`, `status`, `student_id`, `class_id`) VALUES ('2025-11-24', 'APPROVED', '1030000015', 'CL024');
INSERT INTO `enrollment` (`register_date`, `status`, `student_id`, `class_id`) VALUES ('2025-01-17', 'REJECTED', '1030000016', 'CL001');
INSERT INTO `enrollment` (`register_date`, `status`, `student_id`, `class_id`) VALUES ('2025-11-15', 'PENDING', '1030000016', 'CL039');
INSERT INTO `enrollment` (`register_date`, `status`, `student_id`, `class_id`) VALUES ('2024-12-26', 'APPROVED', '1030000017', 'CL025');
INSERT INTO `enrollment` (`register_date`, `status`, `student_id`, `class_id`) VALUES ('2025-04-12', 'REJECTED', '1030000018', 'CL032');
INSERT INTO `enrollment` (`register_date`, `status`, `student_id`, `class_id`) VALUES ('2025-02-04', 'REJECTED', '1030000018', 'CL006');
INSERT INTO `enrollment` (`register_date`, `status`, `student_id`, `class_id`) VALUES ('2025-09-26', 'APPROVED', '1030000019', 'CL032');
INSERT INTO `enrollment` (`register_date`, `status`, `student_id`, `class_id`) VALUES ('2025-03-17', 'APPROVED', '1030000019', 'CL043');
INSERT INTO `enrollment` (`register_date`, `status`, `student_id`, `class_id`) VALUES ('2025-07-30', 'APPROVED', '1030000021', 'CL020');
INSERT INTO `enrollment` (`register_date`, `status`, `student_id`, `class_id`) VALUES ('2025-09-09', 'REJECTED', '1030000021', 'CL003');
INSERT INTO `enrollment` (`register_date`, `status`, `student_id`, `class_id`) VALUES ('2025-07-09', 'REJECTED', '1030000023', 'CL022');
INSERT INTO `enrollment` (`register_date`, `status`, `student_id`, `class_id`) VALUES ('2025-05-23', 'APPROVED', '1030000023', 'CL001');
INSERT INTO `enrollment` (`register_date`, `status`, `student_id`, `class_id`) VALUES ('2025-04-02', 'PENDING', '1030000024', 'CL026');
INSERT INTO `enrollment` (`register_date`, `status`, `student_id`, `class_id`) VALUES ('2025-07-04', 'REJECTED', '1030000026', 'CL028');
INSERT INTO `enrollment` (`register_date`, `status`, `student_id`, `class_id`) VALUES ('2025-11-18', 'APPROVED', '1030000026', 'CL033');
INSERT INTO `enrollment` (`register_date`, `status`, `student_id`, `class_id`) VALUES ('2025-05-14', 'REJECTED', '1030000027', 'CL018');
INSERT INTO `enrollment` (`register_date`, `status`, `student_id`, `class_id`) VALUES ('2025-10-31', 'APPROVED', '1030000029', 'CL018');
INSERT INTO `enrollment` (`register_date`, `status`, `student_id`, `class_id`) VALUES ('2025-11-24', 'REJECTED', '1030000029', 'CL008');
INSERT INTO `enrollment` (`register_date`, `status`, `student_id`, `class_id`) VALUES ('2025-06-09', 'APPROVED', '1030000030', 'CL040');
INSERT INTO `enrollment` (`register_date`, `status`, `student_id`, `class_id`) VALUES ('2025-04-28', 'PENDING', '1030000031', 'CL001');
INSERT INTO `enrollment` (`register_date`, `status`, `student_id`, `class_id`) VALUES ('2025-02-27', 'APPROVED', '1030000033', 'CL013');
INSERT INTO `enrollment` (`register_date`, `status`, `student_id`, `class_id`) VALUES ('2025-08-23', 'APPROVED', '1030000034', 'CL033');
INSERT INTO `enrollment` (`register_date`, `status`, `student_id`, `class_id`) VALUES ('2025-01-07', 'APPROVED', '1030000034', 'CL049');
INSERT INTO `enrollment` (`register_date`, `status`, `student_id`, `class_id`) VALUES ('2025-09-12', 'APPROVED', '1030000035', 'CL010');
INSERT INTO `enrollment` (`register_date`, `status`, `student_id`, `class_id`) VALUES ('2025-01-04', 'PENDING', '1030000035', 'CL046');
INSERT INTO `enrollment` (`register_date`, `status`, `student_id`, `class_id`) VALUES ('2025-10-06', 'REJECTED', '1030000036', 'CL031');
INSERT INTO `enrollment` (`register_date`, `status`, `student_id`, `class_id`) VALUES ('2025-08-04', 'APPROVED', '1030000037', 'CL002');
INSERT INTO `enrollment` (`register_date`, `status`, `student_id`, `class_id`) VALUES ('2025-01-08', 'REJECTED', '1030000039', 'CL025');
INSERT INTO `enrollment` (`register_date`, `status`, `student_id`, `class_id`) VALUES ('2025-06-18', 'PENDING', '1030000039', 'CL045');
INSERT INTO `enrollment` (`register_date`, `status`, `student_id`, `class_id`) VALUES ('2024-12-10', 'REJECTED', '1030000041', 'CL044');
INSERT INTO `enrollment` (`register_date`, `status`, `student_id`, `class_id`) VALUES ('2025-10-31', 'PENDING', '1030000042', 'CL033');
INSERT INTO `enrollment` (`register_date`, `status`, `student_id`, `class_id`) VALUES ('2025-08-17', 'APPROVED', '1030000044', 'CL043');
INSERT INTO `enrollment` (`register_date`, `status`, `student_id`, `class_id`) VALUES ('2025-07-18', 'APPROVED', '1030000044', 'CL022');
INSERT INTO `enrollment` (`register_date`, `status`, `student_id`, `class_id`) VALUES ('2025-06-21', 'APPROVED', '1030000045', 'CL037');
INSERT INTO `enrollment` (`register_date`, `status`, `student_id`, `class_id`) VALUES ('2025-04-11', 'APPROVED', '1030000046', 'CL007');
INSERT INTO `enrollment` (`register_date`, `status`, `student_id`, `class_id`) VALUES ('2025-09-14', 'PENDING', '1030000047', 'CL042');
INSERT INTO `enrollment` (`register_date`, `status`, `student_id`, `class_id`) VALUES ('2025-10-17', 'REJECTED', '1030000047', 'CL022');
INSERT INTO `enrollment` (`register_date`, `status`, `student_id`, `class_id`) VALUES ('2025-07-23', 'REJECTED', '1030000048', 'CL033');
INSERT INTO `enrollment` (`register_date`, `status`, `student_id`, `class_id`) VALUES ('2025-01-10', 'REJECTED', '1030000048', 'CL011');
INSERT INTO `enrollment` (`register_date`, `status`, `student_id`, `class_id`) VALUES ('2025-11-18', 'REJECTED', '1030000049', 'CL002');
INSERT INTO `enrollment` (`register_date`, `status`, `student_id`, `class_id`) VALUES ('2025-07-10', 'APPROVED', '1030000049', 'CL023');
INSERT INTO `enrollment` (`register_date`, `status`, `student_id`, `class_id`) VALUES ('2025-03-05', 'PENDING', '1030000050', 'CL004');
INSERT INTO `enrollment` (`register_date`, `status`, `student_id`, `class_id`) VALUES ('2024-12-11', 'REJECTED', '1030000050', 'CL013');
INSERT INTO `enrollment` (`register_date`, `status`, `student_id`, `class_id`) VALUES ('2024-12-20', 'PENDING', '1030000051', 'CL029');
INSERT INTO `enrollment` (`register_date`, `status`, `student_id`, `class_id`) VALUES ('2025-10-06', 'REJECTED', '1030000051', 'CL006');
INSERT INTO `enrollment` (`register_date`, `status`, `student_id`, `class_id`) VALUES ('2025-01-10', 'PENDING', '1030000052', 'CL001');
INSERT INTO `enrollment` (`register_date`, `status`, `student_id`, `class_id`) VALUES ('2025-10-19', 'PENDING', '1030000052', 'CL004');
INSERT INTO `enrollment` (`register_date`, `status`, `student_id`, `class_id`) VALUES ('2025-12-01', 'REJECTED', '1030000053', 'CL023');
INSERT INTO `enrollment` (`register_date`, `status`, `student_id`, `class_id`) VALUES ('2025-09-13', 'PENDING', '1030000054', 'CL019');
INSERT INTO `enrollment` (`register_date`, `status`, `student_id`, `class_id`) VALUES ('2025-04-04', 'PENDING', '1030000055', 'CL016');
INSERT INTO `enrollment` (`register_date`, `status`, `student_id`, `class_id`) VALUES ('2025-01-08', 'REJECTED', '1030000055', 'CL049');
INSERT INTO `enrollment` (`register_date`, `status`, `student_id`, `class_id`) VALUES ('2025-10-16', 'REJECTED', '1030000056', 'CL037');
INSERT INTO `enrollment` (`register_date`, `status`, `student_id`, `class_id`) VALUES ('2025-07-20', 'PENDING', '1030000056', 'CL019');
INSERT INTO `enrollment` (`register_date`, `status`, `student_id`, `class_id`) VALUES ('2025-11-06', 'PENDING', '1030000057', 'CL025');
INSERT INTO `enrollment` (`register_date`, `status`, `student_id`, `class_id`) VALUES ('2025-05-05', 'PENDING', '1030000059', 'CL048');
INSERT INTO `enrollment` (`register_date`, `status`, `student_id`, `class_id`) VALUES ('2025-09-05', 'REJECTED', '1030000059', 'CL007');
INSERT INTO `enrollment` (`register_date`, `status`, `student_id`, `class_id`) VALUES ('2025-01-22', 'APPROVED', '1030000060', 'CL017');
INSERT INTO `enrollment` (`register_date`, `status`, `student_id`, `class_id`) VALUES ('2025-09-29', 'APPROVED', '1030000060', 'CL006');
INSERT INTO `enrollment` (`register_date`, `status`, `student_id`, `class_id`) VALUES ('2025-11-15', 'APPROVED', '1030000061', 'CL022');
INSERT INTO `enrollment` (`register_date`, `status`, `student_id`, `class_id`) VALUES ('2025-07-15', 'APPROVED', '1030000062', 'CL038');
INSERT INTO `enrollment` (`register_date`, `status`, `student_id`, `class_id`) VALUES ('2025-12-04', 'REJECTED', '1030000062', 'CL019');
INSERT INTO `enrollment` (`register_date`, `status`, `student_id`, `class_id`) VALUES ('2025-11-29', 'APPROVED', '1030000063', 'CL017');
INSERT INTO `enrollment` (`register_date`, `status`, `student_id`, `class_id`) VALUES ('2025-11-27', 'PENDING', '1030000063', 'CL020');
INSERT INTO `enrollment` (`register_date`, `status`, `student_id`, `class_id`) VALUES ('2025-07-29', 'APPROVED', '1030000065', 'CL025');
INSERT INTO `enrollment` (`register_date`, `status`, `student_id`, `class_id`) VALUES ('2025-06-28', 'PENDING', '1030000066', 'CL008');
INSERT INTO `enrollment` (`register_date`, `status`, `student_id`, `class_id`) VALUES ('2025-11-04', 'REJECTED', '1030000067', 'CL047');
INSERT INTO `enrollment` (`register_date`, `status`, `student_id`, `class_id`) VALUES ('2025-11-11', 'REJECTED', '1030000067', 'CL015');
INSERT INTO `enrollment` (`register_date`, `status`, `student_id`, `class_id`) VALUES ('2025-02-18', 'PENDING', '1030000069', 'CL022');
INSERT INTO `enrollment` (`register_date`, `status`, `student_id`, `class_id`) VALUES ('2025-03-21', 'APPROVED', '1030000069', 'CL046');
INSERT INTO `enrollment` (`register_date`, `status`, `student_id`, `class_id`) VALUES ('2025-03-28', 'REJECTED', '1030000070', 'CL032');
INSERT INTO `enrollment` (`register_date`, `status`, `student_id`, `class_id`) VALUES ('2025-02-03', 'APPROVED', '1030000070', 'CL040');
INSERT INTO `enrollment` (`register_date`, `status`, `student_id`, `class_id`) VALUES ('2025-11-21', 'APPROVED', '1030000072', 'CL016');
INSERT INTO `enrollment` (`register_date`, `status`, `student_id`, `class_id`) VALUES ('2025-02-13', 'REJECTED', '1030000073', 'CL011');
INSERT INTO `enrollment` (`register_date`, `status`, `student_id`, `class_id`) VALUES ('2025-07-21', 'PENDING', '1030000073', 'CL016');
INSERT INTO `enrollment` (`register_date`, `status`, `student_id`, `class_id`) VALUES ('2025-03-01', 'APPROVED', '1030000074', 'CL007');
INSERT INTO `enrollment` (`register_date`, `status`, `student_id`, `class_id`) VALUES ('2025-01-26', 'PENDING', '1030000074', 'CL006');
INSERT INTO `enrollment` (`register_date`, `status`, `student_id`, `class_id`) VALUES ('2025-01-23', 'APPROVED', '1030000075', 'CL023');
INSERT INTO `enrollment` (`register_date`, `status`, `student_id`, `class_id`) VALUES ('2025-11-09', 'PENDING', '1030000075', 'CL050');
INSERT INTO `enrollment` (`register_date`, `status`, `student_id`, `class_id`) VALUES ('2025-03-02', 'PENDING', '1030000076', 'CL002');
INSERT INTO `enrollment` (`register_date`, `status`, `student_id`, `class_id`) VALUES ('2025-03-14', 'APPROVED', '1030000079', 'CL023');
INSERT INTO `enrollment` (`register_date`, `status`, `student_id`, `class_id`) VALUES ('2025-06-14', 'REJECTED', '1030000080', 'CL008');
INSERT INTO `enrollment` (`register_date`, `status`, `student_id`, `class_id`) VALUES ('2025-10-06', 'PENDING', '1030000081', 'CL045');
INSERT INTO `enrollment` (`register_date`, `status`, `student_id`, `class_id`) VALUES ('2025-03-31', 'REJECTED', '1030000081', 'CL026');
INSERT INTO `enrollment` (`register_date`, `status`, `student_id`, `class_id`) VALUES ('2025-01-29', 'PENDING', '1030000082', 'CL045');
INSERT INTO `enrollment` (`register_date`, `status`, `student_id`, `class_id`) VALUES ('2025-09-15', 'REJECTED', '1030000082', 'CL048');
INSERT INTO `enrollment` (`register_date`, `status`, `student_id`, `class_id`) VALUES ('2025-07-31', 'REJECTED', '1030000084', 'CL026');
INSERT INTO `enrollment` (`register_date`, `status`, `student_id`, `class_id`) VALUES ('2025-03-19', 'REJECTED', '1030000084', 'CL008');
INSERT INTO `enrollment` (`register_date`, `status`, `student_id`, `class_id`) VALUES ('2025-02-21', 'PENDING', '1030000085', 'CL040');
INSERT INTO `enrollment` (`register_date`, `status`, `student_id`, `class_id`) VALUES ('2025-01-03', 'PENDING', '1030000086', 'CL030');
INSERT INTO `enrollment` (`register_date`, `status`, `student_id`, `class_id`) VALUES ('2025-01-25', 'REJECTED', '1030000086', 'CL038');
INSERT INTO `enrollment` (`register_date`, `status`, `student_id`, `class_id`) VALUES ('2025-11-17', 'PENDING', '1030000087', 'CL038');
INSERT INTO `enrollment` (`register_date`, `status`, `student_id`, `class_id`) VALUES ('2025-10-27', 'REJECTED', '1030000089', 'CL009');
INSERT INTO `enrollment` (`register_date`, `status`, `student_id`, `class_id`) VALUES ('2025-08-18', 'APPROVED', '1030000089', 'CL029');
INSERT INTO `enrollment` (`register_date`, `status`, `student_id`, `class_id`) VALUES ('2025-05-11', 'PENDING', '1030000090', 'CL020');
INSERT INTO `enrollment` (`register_date`, `status`, `student_id`, `class_id`) VALUES ('2025-02-12', 'REJECTED', '1030000090', 'CL003');
INSERT INTO `enrollment` (`register_date`, `status`, `student_id`, `class_id`) VALUES ('2025-02-19', 'PENDING', '1030000091', 'CL035');
INSERT INTO `enrollment` (`register_date`, `status`, `student_id`, `class_id`) VALUES ('2025-11-07', 'PENDING', '1030000091', 'CL001');
INSERT INTO `enrollment` (`register_date`, `status`, `student_id`, `class_id`) VALUES ('2025-07-20', 'APPROVED', '1030000092', 'CL045');
INSERT INTO `enrollment` (`register_date`, `status`, `student_id`, `class_id`) VALUES ('2024-12-10', 'PENDING', '1030000092', 'CL044');
INSERT INTO `enrollment` (`register_date`, `status`, `student_id`, `class_id`) VALUES ('2025-04-19', 'APPROVED', '1030000093', 'CL038');
INSERT INTO `enrollment` (`register_date`, `status`, `student_id`, `class_id`) VALUES ('2025-06-30', 'PENDING', '1030000093', 'CL050');
INSERT INTO `enrollment` (`register_date`, `status`, `student_id`, `class_id`) VALUES ('2025-08-16', 'PENDING', '1030000094', 'CL024');
INSERT INTO `enrollment` (`register_date`, `status`, `student_id`, `class_id`) VALUES ('2025-06-08', 'PENDING', '1030000095', 'CL005');
INSERT INTO `enrollment` (`register_date`, `status`, `student_id`, `class_id`) VALUES ('2025-08-24', 'REJECTED', '1030000095', 'CL041');
INSERT INTO `enrollment` (`register_date`, `status`, `student_id`, `class_id`) VALUES ('2025-01-22', 'PENDING', '1030000096', 'CL005');
INSERT INTO `enrollment` (`register_date`, `status`, `student_id`, `class_id`) VALUES ('2025-09-23', 'REJECTED', '1030000096', 'CL043');
INSERT INTO `enrollment` (`register_date`, `status`, `student_id`, `class_id`) VALUES ('2025-10-16', 'PENDING', '1030000097', 'CL028');
INSERT INTO `enrollment` (`register_date`, `status`, `student_id`, `class_id`) VALUES ('2025-09-17', 'PENDING', '1030000098', 'CL036');
INSERT INTO `enrollment` (`register_date`, `status`, `student_id`, `class_id`) VALUES ('2025-03-19', 'REJECTED', '1030000099', 'CL027');
INSERT INTO `enrollment` (`register_date`, `status`, `student_id`, `class_id`) VALUES ('2025-01-04', 'APPROVED', '1030000099', 'CL016');
INSERT INTO `enrollment` (`register_date`, `status`, `student_id`, `class_id`) VALUES ('2025-11-17', 'PENDING', '1030000100', 'CL005');
INSERT INTO `enrollment` (`register_date`, `status`, `student_id`, `class_id`) VALUES ('2025-09-09', 'REJECTED', '1030000100', 'CL046');
INSERT INTO `enrollment` (`register_date`, `status`, `student_id`, `class_id`) VALUES ('2025-09-01', 'PENDING', '1030000101', 'CL006');
INSERT INTO `enrollment` (`register_date`, `status`, `student_id`, `class_id`) VALUES ('2025-07-31', 'APPROVED', '1030000101', 'CL002');
INSERT INTO `enrollment` (`register_date`, `status`, `student_id`, `class_id`) VALUES ('2025-10-31', 'REJECTED', '1030000102', 'CL008');
INSERT INTO `enrollment` (`register_date`, `status`, `student_id`, `class_id`) VALUES ('2025-08-29', 'PENDING', '1030000102', 'CL033');
INSERT INTO `enrollment` (`register_date`, `status`, `student_id`, `class_id`) VALUES ('2025-11-05', 'PENDING', '1030000103', 'CL007');
INSERT INTO `enrollment` (`register_date`, `status`, `student_id`, `class_id`) VALUES ('2025-03-22', 'REJECTED', '1030000103', 'CL042');
INSERT INTO `enrollment` (`register_date`, `status`, `student_id`, `class_id`) VALUES ('2025-10-07', 'PENDING', '1030000104', 'CL022');
INSERT INTO `enrollment` (`register_date`, `status`, `student_id`, `class_id`) VALUES ('2025-07-24', 'APPROVED', '1030000104', 'CL033');
INSERT INTO `enrollment` (`register_date`, `status`, `student_id`, `class_id`) VALUES ('2025-09-16', 'APPROVED', '1030000107', 'CL020');
INSERT INTO `enrollment` (`register_date`, `status`, `student_id`, `class_id`) VALUES ('2025-02-27', 'PENDING', '1030000108', 'CL040');
INSERT INTO `enrollment` (`register_date`, `status`, `student_id`, `class_id`) VALUES ('2024-12-05', 'APPROVED', '1030000109', 'CL041');
INSERT INTO `enrollment` (`register_date`, `status`, `student_id`, `class_id`) VALUES ('2025-11-16', 'PENDING', '1030000112', 'CL024');
INSERT INTO `enrollment` (`register_date`, `status`, `student_id`, `class_id`) VALUES ('2025-01-28', 'PENDING', '1030000113', 'CL031');
INSERT INTO `enrollment` (`register_date`, `status`, `student_id`, `class_id`) VALUES ('2025-10-19', 'APPROVED', '1030000114', 'CL034');
INSERT INTO `enrollment` (`register_date`, `status`, `student_id`, `class_id`) VALUES ('2025-02-22', 'APPROVED', '1030000115', 'CL043');
INSERT INTO `enrollment` (`register_date`, `status`, `student_id`, `class_id`) VALUES ('2025-09-17', 'APPROVED', '1030000116', 'CL021');
INSERT INTO `enrollment` (`register_date`, `status`, `student_id`, `class_id`) VALUES ('2025-07-16', 'REJECTED', '1030000116', 'CL013');
INSERT INTO `enrollment` (`register_date`, `status`, `student_id`, `class_id`) VALUES ('2025-08-23', 'PENDING', '1030000117', 'CL011');
INSERT INTO `enrollment` (`register_date`, `status`, `student_id`, `class_id`) VALUES ('2024-12-05', 'REJECTED', '1030000120', 'CL005');
INSERT INTO `enrollment` (`register_date`, `status`, `student_id`, `class_id`) VALUES ('2025-05-15', 'REJECTED', '1030000120', 'CL046');
INSERT INTO `enrollment` (`register_date`, `status`, `student_id`, `class_id`) VALUES ('2025-01-22', 'APPROVED', '1030000121', 'CL031');
INSERT INTO `enrollment` (`register_date`, `status`, `student_id`, `class_id`) VALUES ('2025-01-29', 'PENDING', '1030000122', 'CL042');
INSERT INTO `enrollment` (`register_date`, `status`, `student_id`, `class_id`) VALUES ('2025-06-10', 'PENDING', '1030000122', 'CL023');
INSERT INTO `enrollment` (`register_date`, `status`, `student_id`, `class_id`) VALUES ('2025-07-01', 'PENDING', '1030000123', 'CL001');
INSERT INTO `enrollment` (`register_date`, `status`, `student_id`, `class_id`) VALUES ('2024-12-19', 'APPROVED', '1030000124', 'CL009');
INSERT INTO `enrollment` (`register_date`, `status`, `student_id`, `class_id`) VALUES ('2025-06-17', 'APPROVED', '1030000125', 'CL015');
INSERT INTO `enrollment` (`register_date`, `status`, `student_id`, `class_id`) VALUES ('2025-04-06', 'APPROVED', '1030000126', 'CL005');
INSERT INTO `enrollment` (`register_date`, `status`, `student_id`, `class_id`) VALUES ('2025-02-27', 'APPROVED', '1030000127', 'CL028');
INSERT INTO `enrollment` (`register_date`, `status`, `student_id`, `class_id`) VALUES ('2025-08-21', 'APPROVED', '1030000127', 'CL005');
INSERT INTO `enrollment` (`register_date`, `status`, `student_id`, `class_id`) VALUES ('2025-02-09', 'APPROVED', '1030000128', 'CL026');
INSERT INTO `enrollment` (`register_date`, `status`, `student_id`, `class_id`) VALUES ('2025-05-30', 'PENDING', '1030000128', 'CL024');
INSERT INTO `enrollment` (`register_date`, `status`, `student_id`, `class_id`) VALUES ('2025-04-05', 'REJECTED', '1030000129', 'CL027');
INSERT INTO `enrollment` (`register_date`, `status`, `student_id`, `class_id`) VALUES ('2025-08-18', 'APPROVED', '1030000129', 'CL032');
INSERT INTO `enrollment` (`register_date`, `status`, `student_id`, `class_id`) VALUES ('2025-11-11', 'APPROVED', '1030000130', 'CL003');
INSERT INTO `enrollment` (`register_date`, `status`, `student_id`, `class_id`) VALUES ('2025-05-24', 'REJECTED', '1030000133', 'CL031');
INSERT INTO `enrollment` (`register_date`, `status`, `student_id`, `class_id`) VALUES ('2025-03-03', 'PENDING', '1030000134', 'CL033');
INSERT INTO `enrollment` (`register_date`, `status`, `student_id`, `class_id`) VALUES ('2025-12-04', 'REJECTED', '1030000135', 'CL042');
INSERT INTO `enrollment` (`register_date`, `status`, `student_id`, `class_id`) VALUES ('2025-08-13', 'REJECTED', '1030000136', 'CL013');
INSERT INTO `enrollment` (`register_date`, `status`, `student_id`, `class_id`) VALUES ('2025-08-08', 'APPROVED', '1030000137', 'CL030');
INSERT INTO `enrollment` (`register_date`, `status`, `student_id`, `class_id`) VALUES ('2025-09-15', 'PENDING', '1030000138', 'CL050');
INSERT INTO `enrollment` (`register_date`, `status`, `student_id`, `class_id`) VALUES ('2025-03-20', 'PENDING', '1030000138', 'CL037');
INSERT INTO `enrollment` (`register_date`, `status`, `student_id`, `class_id`) VALUES ('2025-08-23', 'APPROVED', '1030000139', 'CL040');
INSERT INTO `enrollment` (`register_date`, `status`, `student_id`, `class_id`) VALUES ('2025-09-04', 'REJECTED', '1030000139', 'CL029');
INSERT INTO `enrollment` (`register_date`, `status`, `student_id`, `class_id`) VALUES ('2025-02-15', 'APPROVED', '1030000140', 'CL003');
INSERT INTO `enrollment` (`register_date`, `status`, `student_id`, `class_id`) VALUES ('2025-01-11', 'PENDING', '1030000140', 'CL042');
INSERT INTO `enrollment` (`register_date`, `status`, `student_id`, `class_id`) VALUES ('2025-04-18', 'PENDING', '1030000141', 'CL017');
INSERT INTO `enrollment` (`register_date`, `status`, `student_id`, `class_id`) VALUES ('2025-06-12', 'APPROVED', '1030000143', 'CL027');
INSERT INTO `enrollment` (`register_date`, `status`, `student_id`, `class_id`) VALUES ('2025-03-19', 'APPROVED', '1030000145', 'CL044');
INSERT INTO `enrollment` (`register_date`, `status`, `student_id`, `class_id`) VALUES ('2025-04-19', 'PENDING', '1030000146', 'CL023');
INSERT INTO `enrollment` (`register_date`, `status`, `student_id`, `class_id`) VALUES ('2025-07-01', 'APPROVED', '1030000147', 'CL044');
INSERT INTO `enrollment` (`register_date`, `status`, `student_id`, `class_id`) VALUES ('2025-07-20', 'PENDING', '1030000147', 'CL048');

-- 8. INSERT BILLS
INSERT INTO `bill` (`create_date`, `status`, `enrollment_id`, `cashier_id`, `unit_price`) VALUES ('2025-03-25 11:20:55', 'PAID', 4, '1020000110', 1000000);
INSERT INTO `bill` (`create_date`, `status`, `enrollment_id`, `cashier_id`, `unit_price`) VALUES ('2025-02-28 06:53:30', 'PAID', 5, '1020000013', 3000000);
INSERT INTO `bill` (`create_date`, `status`, `enrollment_id`, `cashier_id`, `unit_price`) VALUES ('2025-03-26 15:26:56', 'PAID', 6, '1020000111', 1000000);
INSERT INTO `bill` (`create_date`, `status`, `enrollment_id`, `cashier_id`, `unit_price`) VALUES ('2025-07-08 04:38:24', 'PAID', 10, '1020000043', 3000000);
INSERT INTO `bill` (`create_date`, `status`, `enrollment_id`, `cashier_id`, `unit_price`) VALUES ('2025-05-07 02:13:07', 'PAID', 12, '1020000064', 1000000);
INSERT INTO `bill` (`create_date`, `status`, `enrollment_id`, `cashier_id`, `unit_price`) VALUES ('2024-12-31 02:27:31', 'PAID', 15, '1020000013', 3000000);
INSERT INTO `bill` (`create_date`, `status`, `enrollment_id`, `cashier_id`, `unit_price`) VALUES ('2025-02-11 17:09:42', 'PAID', 17, '1020000043', 1000000);
INSERT INTO `bill` (`create_date`, `status`, `enrollment_id`, `cashier_id`, `unit_price`) VALUES ('2025-04-30 12:42:43', 'PAID', 19, '1020000068', 5000000);
INSERT INTO `bill` (`create_date`, `status`, `enrollment_id`, `cashier_id`, `unit_price`) VALUES ('2025-01-18 20:49:12', 'PAID', 22, '1020000110', 2500000);
INSERT INTO `bill` (`create_date`, `status`, `enrollment_id`, `cashier_id`, `unit_price`) VALUES ('2025-07-22 19:20:25', 'PAID', 25, '1020000132', 3000000);
INSERT INTO `bill` (`create_date`, `status`, `enrollment_id`, `cashier_id`, `unit_price`) VALUES ('2025-11-23 11:47:40', 'PAID', 26, '1020000040', 1000000);
INSERT INTO `bill` (`create_date`, `status`, `enrollment_id`, `cashier_id`, `unit_price`) VALUES ('2025-08-15 18:28:18', 'UNPAID', 27, '1020000132', 1000000);
INSERT INTO `bill` (`create_date`, `status`, `enrollment_id`, `cashier_id`, `unit_price`) VALUES ('2025-01-11 15:33:27', 'PAID', 30, '1020000105', 2500000);
INSERT INTO `bill` (`create_date`, `status`, `enrollment_id`, `cashier_id`, `unit_price`) VALUES ('2025-06-24 10:06:13', 'PAID', 33, '1020000111', 2500000);
INSERT INTO `bill` (`create_date`, `status`, `enrollment_id`, `cashier_id`, `unit_price`) VALUES ('2025-11-01 18:17:21', 'PAID', 35, '1020000068', 5000000);
INSERT INTO `bill` (`create_date`, `status`, `enrollment_id`, `cashier_id`, `unit_price`) VALUES ('2025-01-28 10:53:36', 'PAID', 37, '1020000068', 1000000);
INSERT INTO `bill` (`create_date`, `status`, `enrollment_id`, `cashier_id`, `unit_price`) VALUES ('2025-09-09 15:02:21', 'PAID', 39, '1020000105', 2500000);
INSERT INTO `bill` (`create_date`, `status`, `enrollment_id`, `cashier_id`, `unit_price`) VALUES ('2025-11-08 15:26:42', 'PAID', 40, '1020000064', 2500000);
INSERT INTO `bill` (`create_date`, `status`, `enrollment_id`, `cashier_id`, `unit_price`) VALUES ('2025-11-27 03:50:20', 'PAID', 41, '1020000040', 2500000);
INSERT INTO `bill` (`create_date`, `status`, `enrollment_id`, `cashier_id`, `unit_price`) VALUES ('2025-11-26 03:07:33', 'PAID', 42, '1020000064', 1000000);
INSERT INTO `bill` (`create_date`, `status`, `enrollment_id`, `cashier_id`, `unit_price`) VALUES ('2025-06-02 15:17:01', 'PAID', 45, '1020000105', 1000000);
INSERT INTO `bill` (`create_date`, `status`, `enrollment_id`, `cashier_id`, `unit_price`) VALUES ('2025-01-30 16:01:54', 'UNPAID', 50, '1020000068', 1000000);
INSERT INTO `bill` (`create_date`, `status`, `enrollment_id`, `cashier_id`, `unit_price`) VALUES ('2025-05-18 18:40:13', 'UNPAID', 51, '1020000013', 2500000);
INSERT INTO `bill` (`create_date`, `status`, `enrollment_id`, `cashier_id`, `unit_price`) VALUES ('2025-03-17 06:26:22', 'UNPAID', 52, '1020000025', 3000000);
INSERT INTO `bill` (`create_date`, `status`, `enrollment_id`, `cashier_id`, `unit_price`) VALUES ('2025-11-18 16:55:23', 'PAID', 53, '1020000025', 5000000);
INSERT INTO `bill` (`create_date`, `status`, `enrollment_id`, `cashier_id`, `unit_price`) VALUES ('2025-09-16 13:25:45', 'UNPAID', 59, '1020000068', 2500000);
INSERT INTO `bill` (`create_date`, `status`, `enrollment_id`, `cashier_id`, `unit_price`) VALUES ('2025-07-01 21:31:14', 'PAID', 75, '1020000111', 5000000);
INSERT INTO `bill` (`create_date`, `status`, `enrollment_id`, `cashier_id`, `unit_price`) VALUES ('2025-02-19 10:27:58', 'PAID', 76, '1020000068', 1000000);
INSERT INTO `bill` (`create_date`, `status`, `enrollment_id`, `cashier_id`, `unit_price`) VALUES ('2025-09-27 08:37:53', 'PAID', 77, '1020000013', 2500000);
INSERT INTO `bill` (`create_date`, `status`, `enrollment_id`, `cashier_id`, `unit_price`) VALUES ('2025-10-08 23:35:44', 'PAID', 78, '1020000068', 1000000);
INSERT INTO `bill` (`create_date`, `status`, `enrollment_id`, `cashier_id`, `unit_price`) VALUES ('2025-02-12 15:54:59', 'PAID', 80, '1020000025', 5000000);
INSERT INTO `bill` (`create_date`, `status`, `enrollment_id`, `cashier_id`, `unit_price`) VALUES ('2025-09-18 16:45:20', 'PAID', 82, '1020000110', 2500000);
INSERT INTO `bill` (`create_date`, `status`, `enrollment_id`, `cashier_id`, `unit_price`) VALUES ('2025-01-01 06:01:01', 'PAID', 87, '1020000068', 1000000);
INSERT INTO `bill` (`create_date`, `status`, `enrollment_id`, `cashier_id`, `unit_price`) VALUES ('2025-03-18 14:42:56', 'PAID', 89, '1020000043', 1000000);
INSERT INTO `bill` (`create_date`, `status`, `enrollment_id`, `cashier_id`, `unit_price`) VALUES ('2025-05-25 17:52:20', 'PAID', 90, '1020000043', 3000000);
INSERT INTO `bill` (`create_date`, `status`, `enrollment_id`, `cashier_id`, `unit_price`) VALUES ('2025-04-11 16:30:48', 'PAID', 93, '1020000040', 5000000);
INSERT INTO `bill` (`create_date`, `status`, `enrollment_id`, `cashier_id`, `unit_price`) VALUES ('2025-04-30 18:18:27', 'PAID', 95, '1020000110', 2500000);
INSERT INTO `bill` (`create_date`, `status`, `enrollment_id`, `cashier_id`, `unit_price`) VALUES ('2025-06-22 11:10:43', 'UNPAID', 98, '1020000013', 2500000);
INSERT INTO `bill` (`create_date`, `status`, `enrollment_id`, `cashier_id`, `unit_price`) VALUES ('2024-12-25 13:58:37', 'UNPAID', 111, '1020000132', 1000000);
INSERT INTO `bill` (`create_date`, `status`, `enrollment_id`, `cashier_id`, `unit_price`) VALUES ('2025-04-18 09:29:53', 'UNPAID', 116, '1020000111', 1000000);
INSERT INTO `bill` (`create_date`, `status`, `enrollment_id`, `cashier_id`, `unit_price`) VALUES ('2025-10-25 05:24:53', 'PAID', 118, '1020000132', 1000000);
INSERT INTO `bill` (`create_date`, `status`, `enrollment_id`, `cashier_id`, `unit_price`) VALUES ('2025-11-05 16:04:30', 'PAID', 128, '1020000040', 3000000);
INSERT INTO `bill` (`create_date`, `status`, `enrollment_id`, `cashier_id`, `unit_price`) VALUES ('2025-05-06 03:25:07', 'PAID', 132, '1020000132', 1000000);
INSERT INTO `bill` (`create_date`, `status`, `enrollment_id`, `cashier_id`, `unit_price`) VALUES ('2025-09-17 08:30:25', 'PAID', 138, '1020000110', 2500000);
INSERT INTO `bill` (`create_date`, `status`, `enrollment_id`, `cashier_id`, `unit_price`) VALUES ('2025-09-12 01:04:10', 'PAID', 139, '1020000064', 1000000);
INSERT INTO `bill` (`create_date`, `status`, `enrollment_id`, `cashier_id`, `unit_price`) VALUES ('2025-05-03 18:54:34', 'PAID', 141, '1020000110', 5000000);
INSERT INTO `bill` (`create_date`, `status`, `enrollment_id`, `cashier_id`, `unit_price`) VALUES ('2025-07-07 02:36:28', 'PAID', 144, '1020000111', 3000000);
INSERT INTO `bill` (`create_date`, `status`, `enrollment_id`, `cashier_id`, `unit_price`) VALUES ('2025-01-23 13:19:57', 'PAID', 145, '1020000110', 1000000);
INSERT INTO `bill` (`create_date`, `status`, `enrollment_id`, `cashier_id`, `unit_price`) VALUES ('2025-10-01 13:51:15', 'PAID', 146, '1020000105', 3000000);
INSERT INTO `bill` (`create_date`, `status`, `enrollment_id`, `cashier_id`, `unit_price`) VALUES ('2025-09-07 08:24:11', 'UNPAID', 151, '1020000043', 2500000);
INSERT INTO `bill` (`create_date`, `status`, `enrollment_id`, `cashier_id`, `unit_price`) VALUES ('2025-09-08 08:39:55', 'PAID', 155, '1020000025', 1000000);
INSERT INTO `bill` (`create_date`, `status`, `enrollment_id`, `cashier_id`, `unit_price`) VALUES ('2025-07-03 19:27:18', 'PAID', 156, '1020000068', 1000000);
INSERT INTO `bill` (`create_date`, `status`, `enrollment_id`, `cashier_id`, `unit_price`) VALUES ('2025-07-14 17:47:55', 'PAID', 157, '1020000043', 1000000);
INSERT INTO `bill` (`create_date`, `status`, `enrollment_id`, `cashier_id`, `unit_price`) VALUES ('2025-02-02 16:24:17', 'PAID', 158, '1020000110', 5000000);
INSERT INTO `bill` (`create_date`, `status`, `enrollment_id`, `cashier_id`, `unit_price`) VALUES ('2025-08-17 11:07:30', 'PAID', 159, '1020000132', 1000000);
INSERT INTO `bill` (`create_date`, `status`, `enrollment_id`, `cashier_id`, `unit_price`) VALUES ('2024-12-19 04:23:22', 'PAID', 160, '1020000105', 1000000);
INSERT INTO `bill` (`create_date`, `status`, `enrollment_id`, `cashier_id`, `unit_price`) VALUES ('2025-04-03 06:37:56', 'PAID', 163, '1020000040', 3000000);
INSERT INTO `bill` (`create_date`, `status`, `enrollment_id`, `cashier_id`, `unit_price`) VALUES ('2025-08-02 04:14:04', 'PAID', 164, '1020000111', 1000000);
INSERT INTO `bill` (`create_date`, `status`, `enrollment_id`, `cashier_id`, `unit_price`) VALUES ('2025-05-26 23:30:11', 'PAID', 169, '1020000105', 5000000);
INSERT INTO `bill` (`create_date`, `status`, `enrollment_id`, `cashier_id`, `unit_price`) VALUES ('2025-06-24 03:57:06', 'PAID', 172, '1020000132', 1000000);
INSERT INTO `bill` (`create_date`, `status`, `enrollment_id`, `cashier_id`, `unit_price`) VALUES ('2025-09-27 09:01:21', 'PAID', 174, '1020000013', 1000000);
INSERT INTO `bill` (`create_date`, `status`, `enrollment_id`, `cashier_id`, `unit_price`) VALUES ('2025-07-17 03:48:14', 'PAID', 177, '1020000043', 2500000);
INSERT INTO `bill` (`create_date`, `status`, `enrollment_id`, `cashier_id`, `unit_price`) VALUES ('2025-05-16 04:16:46', 'PAID', 178, '1020000013', 5000000);
INSERT INTO `bill` (`create_date`, `status`, `enrollment_id`, `cashier_id`, `unit_price`) VALUES ('2025-02-25 06:46:05', 'UNPAID', 180, '1020000043', 5000000);

-- 9. INSERT SCORES
INSERT INTO `score` (`score`, `enrollment_id`, `grade_id`) VALUES (7.8, 4, 21);
INSERT INTO `score` (`score`, `enrollment_id`, `grade_id`) VALUES (5.8, 4, 22);
INSERT INTO `score` (`score`, `enrollment_id`, `grade_id`) VALUES (7.4, 5, 19);
INSERT INTO `score` (`score`, `enrollment_id`, `grade_id`) VALUES (9.4, 5, 20);
INSERT INTO `score` (`score`, `enrollment_id`, `grade_id`) VALUES (8.6, 6, 23);
INSERT INTO `score` (`score`, `enrollment_id`, `grade_id`) VALUES (6.9, 6, 24);
INSERT INTO `score` (`score`, `enrollment_id`, `grade_id`) VALUES (7.7, 10, 5);
INSERT INTO `score` (`score`, `enrollment_id`, `grade_id`) VALUES (5.6, 10, 6);
INSERT INTO `score` (`score`, `enrollment_id`, `grade_id`) VALUES (6.1, 12, 21);
INSERT INTO `score` (`score`, `enrollment_id`, `grade_id`) VALUES (9.4, 12, 22);
INSERT INTO `score` (`score`, `enrollment_id`, `grade_id`) VALUES (8.8, 15, 37);
INSERT INTO `score` (`score`, `enrollment_id`, `grade_id`) VALUES (6.7, 15, 38);
INSERT INTO `score` (`score`, `enrollment_id`, `grade_id`) VALUES (7.6, 17, 31);
INSERT INTO `score` (`score`, `enrollment_id`, `grade_id`) VALUES (8.1, 17, 32);
INSERT INTO `score` (`score`, `enrollment_id`, `grade_id`) VALUES (7.3, 19, 17);
INSERT INTO `score` (`score`, `enrollment_id`, `grade_id`) VALUES (9.6, 19, 18);
INSERT INTO `score` (`score`, `enrollment_id`, `grade_id`) VALUES (7.7, 22, 35);
INSERT INTO `score` (`score`, `enrollment_id`, `grade_id`) VALUES (6.0, 22, 36);
INSERT INTO `score` (`score`, `enrollment_id`, `grade_id`) VALUES (8.4, 25, 37);
INSERT INTO `score` (`score`, `enrollment_id`, `grade_id`) VALUES (6.7, 25, 38);
INSERT INTO `score` (`score`, `enrollment_id`, `grade_id`) VALUES (6.0, 26, 21);
INSERT INTO `score` (`score`, `enrollment_id`, `grade_id`) VALUES (5.2, 26, 22);
INSERT INTO `score` (`score`, `enrollment_id`, `grade_id`) VALUES (7.6, 27, 7);
INSERT INTO `score` (`score`, `enrollment_id`, `grade_id`) VALUES (8.1, 27, 8);
INSERT INTO `score` (`score`, `enrollment_id`, `grade_id`) VALUES (6.1, 30, 9);
INSERT INTO `score` (`score`, `enrollment_id`, `grade_id`) VALUES (5.8, 30, 10);
INSERT INTO `score` (`score`, `enrollment_id`, `grade_id`) VALUES (9.9, 33, 35);
INSERT INTO `score` (`score`, `enrollment_id`, `grade_id`) VALUES (6.6, 33, 36);
INSERT INTO `score` (`score`, `enrollment_id`, `grade_id`) VALUES (9.4, 35, 17);
INSERT INTO `score` (`score`, `enrollment_id`, `grade_id`) VALUES (9.2, 35, 18);
INSERT INTO `score` (`score`, `enrollment_id`, `grade_id`) VALUES (6.2, 37, 31);
INSERT INTO `score` (`score`, `enrollment_id`, `grade_id`) VALUES (6.0, 37, 32);
INSERT INTO `score` (`score`, `enrollment_id`, `grade_id`) VALUES (7.9, 39, 27);
INSERT INTO `score` (`score`, `enrollment_id`, `grade_id`) VALUES (6.2, 39, 28);
INSERT INTO `score` (`score`, `enrollment_id`, `grade_id`) VALUES (9.0, 40, 35);
INSERT INTO `score` (`score`, `enrollment_id`, `grade_id`) VALUES (5.2, 40, 36);
INSERT INTO `score` (`score`, `enrollment_id`, `grade_id`) VALUES (8.4, 41, 27);
INSERT INTO `score` (`score`, `enrollment_id`, `grade_id`) VALUES (7.2, 41, 28);
INSERT INTO `score` (`score`, `enrollment_id`, `grade_id`) VALUES (6.5, 42, 31);
INSERT INTO `score` (`score`, `enrollment_id`, `grade_id`) VALUES (6.8, 42, 32);
INSERT INTO `score` (`score`, `enrollment_id`, `grade_id`) VALUES (7.3, 45, 31);
INSERT INTO `score` (`score`, `enrollment_id`, `grade_id`) VALUES (7.8, 45, 32);
INSERT INTO `score` (`score`, `enrollment_id`, `grade_id`) VALUES (7.4, 50, 21);
INSERT INTO `score` (`score`, `enrollment_id`, `grade_id`) VALUES (5.7, 50, 22);
INSERT INTO `score` (`score`, `enrollment_id`, `grade_id`) VALUES (5.0, 51, 35);
INSERT INTO `score` (`score`, `enrollment_id`, `grade_id`) VALUES (8.3, 51, 36);
INSERT INTO `score` (`score`, `enrollment_id`, `grade_id`) VALUES (9.5, 52, 5);
INSERT INTO `score` (`score`, `enrollment_id`, `grade_id`) VALUES (7.2, 52, 6);
INSERT INTO `score` (`score`, `enrollment_id`, `grade_id`) VALUES (8.6, 53, 13);
INSERT INTO `score` (`score`, `enrollment_id`, `grade_id`) VALUES (7.9, 53, 14);
INSERT INTO `score` (`score`, `enrollment_id`, `grade_id`) VALUES (6.7, 59, 9);
INSERT INTO `score` (`score`, `enrollment_id`, `grade_id`) VALUES (8.5, 59, 10);
INSERT INTO `score` (`score`, `enrollment_id`, `grade_id`) VALUES (5.3, 75, 13);
INSERT INTO `score` (`score`, `enrollment_id`, `grade_id`) VALUES (9.8, 75, 14);
INSERT INTO `score` (`score`, `enrollment_id`, `grade_id`) VALUES (5.0, 76, 23);
INSERT INTO `score` (`score`, `enrollment_id`, `grade_id`) VALUES (5.9, 76, 24);
INSERT INTO `score` (`score`, `enrollment_id`, `grade_id`) VALUES (7.4, 77, 35);
INSERT INTO `score` (`score`, `enrollment_id`, `grade_id`) VALUES (5.1, 77, 36);
INSERT INTO `score` (`score`, `enrollment_id`, `grade_id`) VALUES (8.4, 78, 21);
INSERT INTO `score` (`score`, `enrollment_id`, `grade_id`) VALUES (7.8, 78, 22);
INSERT INTO `score` (`score`, `enrollment_id`, `grade_id`) VALUES (5.7, 80, 13);
INSERT INTO `score` (`score`, `enrollment_id`, `grade_id`) VALUES (7.1, 80, 14);
INSERT INTO `score` (`score`, `enrollment_id`, `grade_id`) VALUES (9.5, 82, 35);
INSERT INTO `score` (`score`, `enrollment_id`, `grade_id`) VALUES (9.5, 82, 36);
INSERT INTO `score` (`score`, `enrollment_id`, `grade_id`) VALUES (8.7, 87, 7);
INSERT INTO `score` (`score`, `enrollment_id`, `grade_id`) VALUES (7.5, 87, 8);
INSERT INTO `score` (`score`, `enrollment_id`, `grade_id`) VALUES (9.3, 89, 31);
INSERT INTO `score` (`score`, `enrollment_id`, `grade_id`) VALUES (6.6, 89, 32);
INSERT INTO `score` (`score`, `enrollment_id`, `grade_id`) VALUES (7.3, 90, 19);
INSERT INTO `score` (`score`, `enrollment_id`, `grade_id`) VALUES (9.2, 90, 20);
INSERT INTO `score` (`score`, `enrollment_id`, `grade_id`) VALUES (5.1, 93, 13);
INSERT INTO `score` (`score`, `enrollment_id`, `grade_id`) VALUES (7.8, 93, 14);
INSERT INTO `score` (`score`, `enrollment_id`, `grade_id`) VALUES (9.8, 95, 9);
INSERT INTO `score` (`score`, `enrollment_id`, `grade_id`) VALUES (6.4, 95, 10);
INSERT INTO `score` (`score`, `enrollment_id`, `grade_id`) VALUES (9.1, 98, 9);
INSERT INTO `score` (`score`, `enrollment_id`, `grade_id`) VALUES (8.1, 98, 10);
INSERT INTO `score` (`score`, `enrollment_id`, `grade_id`) VALUES (7.3, 111, 25);
INSERT INTO `score` (`score`, `enrollment_id`, `grade_id`) VALUES (7.1, 111, 26);
INSERT INTO `score` (`score`, `enrollment_id`, `grade_id`) VALUES (7.8, 116, 31);
INSERT INTO `score` (`score`, `enrollment_id`, `grade_id`) VALUES (9.0, 116, 32);
INSERT INTO `score` (`score`, `enrollment_id`, `grade_id`) VALUES (5.2, 118, 21);
INSERT INTO `score` (`score`, `enrollment_id`, `grade_id`) VALUES (5.9, 118, 22);
INSERT INTO `score` (`score`, `enrollment_id`, `grade_id`) VALUES (7.4, 128, 19);
INSERT INTO `score` (`score`, `enrollment_id`, `grade_id`) VALUES (9.1, 128, 20);
INSERT INTO `score` (`score`, `enrollment_id`, `grade_id`) VALUES (8.2, 132, 31);
INSERT INTO `score` (`score`, `enrollment_id`, `grade_id`) VALUES (6.9, 132, 32);
INSERT INTO `score` (`score`, `enrollment_id`, `grade_id`) VALUES (6.6, 138, 35);
INSERT INTO `score` (`score`, `enrollment_id`, `grade_id`) VALUES (8.8, 138, 36);
INSERT INTO `score` (`score`, `enrollment_id`, `grade_id`) VALUES (9.5, 139, 7);
INSERT INTO `score` (`score`, `enrollment_id`, `grade_id`) VALUES (5.3, 139, 8);
INSERT INTO `score` (`score`, `enrollment_id`, `grade_id`) VALUES (7.3, 141, 17);
INSERT INTO `score` (`score`, `enrollment_id`, `grade_id`) VALUES (8.8, 141, 18);
INSERT INTO `score` (`score`, `enrollment_id`, `grade_id`) VALUES (6.7, 144, 19);
INSERT INTO `score` (`score`, `enrollment_id`, `grade_id`) VALUES (7.5, 144, 20);
INSERT INTO `score` (`score`, `enrollment_id`, `grade_id`) VALUES (7.3, 145, 21);
INSERT INTO `score` (`score`, `enrollment_id`, `grade_id`) VALUES (8.1, 145, 22);
INSERT INTO `score` (`score`, `enrollment_id`, `grade_id`) VALUES (7.0, 146, 19);
INSERT INTO `score` (`score`, `enrollment_id`, `grade_id`) VALUES (6.5, 146, 20);
INSERT INTO `score` (`score`, `enrollment_id`, `grade_id`) VALUES (7.2, 151, 27);
INSERT INTO `score` (`score`, `enrollment_id`, `grade_id`) VALUES (7.1, 151, 28);
INSERT INTO `score` (`score`, `enrollment_id`, `grade_id`) VALUES (8.0, 155, 7);
INSERT INTO `score` (`score`, `enrollment_id`, `grade_id`) VALUES (6.3, 155, 8);
INSERT INTO `score` (`score`, `enrollment_id`, `grade_id`) VALUES (5.4, 156, 15);
INSERT INTO `score` (`score`, `enrollment_id`, `grade_id`) VALUES (5.0, 156, 16);
INSERT INTO `score` (`score`, `enrollment_id`, `grade_id`) VALUES (9.9, 157, 31);
INSERT INTO `score` (`score`, `enrollment_id`, `grade_id`) VALUES (9.2, 157, 32);
INSERT INTO `score` (`score`, `enrollment_id`, `grade_id`) VALUES (9.0, 158, 1);
INSERT INTO `score` (`score`, `enrollment_id`, `grade_id`) VALUES (5.3, 158, 2);
INSERT INTO `score` (`score`, `enrollment_id`, `grade_id`) VALUES (7.6, 159, 31);
INSERT INTO `score` (`score`, `enrollment_id`, `grade_id`) VALUES (8.2, 159, 32);
INSERT INTO `score` (`score`, `enrollment_id`, `grade_id`) VALUES (5.8, 160, 21);
INSERT INTO `score` (`score`, `enrollment_id`, `grade_id`) VALUES (8.8, 160, 22);
INSERT INTO `score` (`score`, `enrollment_id`, `grade_id`) VALUES (9.3, 163, 37);
INSERT INTO `score` (`score`, `enrollment_id`, `grade_id`) VALUES (8.4, 163, 38);
INSERT INTO `score` (`score`, `enrollment_id`, `grade_id`) VALUES (6.3, 164, 25);
INSERT INTO `score` (`score`, `enrollment_id`, `grade_id`) VALUES (7.5, 164, 26);
INSERT INTO `score` (`score`, `enrollment_id`, `grade_id`) VALUES (7.3, 169, 29);
INSERT INTO `score` (`score`, `enrollment_id`, `grade_id`) VALUES (5.8, 169, 30);
INSERT INTO `score` (`score`, `enrollment_id`, `grade_id`) VALUES (7.2, 172, 31);
INSERT INTO `score` (`score`, `enrollment_id`, `grade_id`) VALUES (5.6, 172, 32);
INSERT INTO `score` (`score`, `enrollment_id`, `grade_id`) VALUES (5.5, 174, 25);
INSERT INTO `score` (`score`, `enrollment_id`, `grade_id`) VALUES (6.3, 174, 26);
INSERT INTO `score` (`score`, `enrollment_id`, `grade_id`) VALUES (7.2, 177, 27);
INSERT INTO `score` (`score`, `enrollment_id`, `grade_id`) VALUES (5.8, 177, 28);
INSERT INTO `score` (`score`, `enrollment_id`, `grade_id`) VALUES (8.6, 178, 17);
INSERT INTO `score` (`score`, `enrollment_id`, `grade_id`) VALUES (5.7, 178, 18);
INSERT INTO `score` (`score`, `enrollment_id`, `grade_id`) VALUES (5.9, 180, 17);
INSERT INTO `score` (`score`, `enrollment_id`, `grade_id`) VALUES (7.3, 180, 18);

-- 10. INSERT ATTENDANCE
INSERT INTO `attendance` (`date`, `status`, `note`, `enrollment_id`) VALUES ('2025-12-04', 'PRESENT', '', 4);
INSERT INTO `attendance` (`date`, `status`, `note`, `enrollment_id`) VALUES ('2025-12-04', 'ABSENT', 'Vắng không phép', 4);
INSERT INTO `attendance` (`date`, `status`, `note`, `enrollment_id`) VALUES ('2025-12-04', 'ABSENT', 'Vắng không phép', 5);
INSERT INTO `attendance` (`date`, `status`, `note`, `enrollment_id`) VALUES ('2025-12-04', 'PRESENT', '', 5);
INSERT INTO `attendance` (`date`, `status`, `note`, `enrollment_id`) VALUES ('2025-12-04', 'PRESENT', '', 6);
INSERT INTO `attendance` (`date`, `status`, `note`, `enrollment_id`) VALUES ('2025-12-04', 'PRESENT', '', 6);
INSERT INTO `attendance` (`date`, `status`, `note`, `enrollment_id`) VALUES ('2025-12-04', 'ABSENT', 'Vắng không phép', 10);
INSERT INTO `attendance` (`date`, `status`, `note`, `enrollment_id`) VALUES ('2025-12-04', 'ABSENT', 'Vắng không phép', 10);
INSERT INTO `attendance` (`date`, `status`, `note`, `enrollment_id`) VALUES ('2025-12-04', 'ABSENT', 'Vắng không phép', 12);
INSERT INTO `attendance` (`date`, `status`, `note`, `enrollment_id`) VALUES ('2025-12-04', 'PRESENT', '', 12);
INSERT INTO `attendance` (`date`, `status`, `note`, `enrollment_id`) VALUES ('2025-12-04', 'PRESENT', '', 15);
INSERT INTO `attendance` (`date`, `status`, `note`, `enrollment_id`) VALUES ('2025-12-04', 'PRESENT', '', 15);
INSERT INTO `attendance` (`date`, `status`, `note`, `enrollment_id`) VALUES ('2025-12-04', 'PRESENT', '', 17);
INSERT INTO `attendance` (`date`, `status`, `note`, `enrollment_id`) VALUES ('2025-12-04', 'ABSENT', 'Vắng không phép', 17);
INSERT INTO `attendance` (`date`, `status`, `note`, `enrollment_id`) VALUES ('2025-12-04', 'ABSENT', 'Vắng không phép', 19);
INSERT INTO `attendance` (`date`, `status`, `note`, `enrollment_id`) VALUES ('2025-12-04', 'ABSENT', 'Vắng không phép', 19);
INSERT INTO `attendance` (`date`, `status`, `note`, `enrollment_id`) VALUES ('2025-12-04', 'ABSENT', 'Vắng không phép', 22);
INSERT INTO `attendance` (`date`, `status`, `note`, `enrollment_id`) VALUES ('2025-12-04', 'ABSENT', 'Vắng không phép', 22);
INSERT INTO `attendance` (`date`, `status`, `note`, `enrollment_id`) VALUES ('2025-12-04', 'PRESENT', '', 25);
INSERT INTO `attendance` (`date`, `status`, `note`, `enrollment_id`) VALUES ('2025-12-04', 'PRESENT', '', 25);
INSERT INTO `attendance` (`date`, `status`, `note`, `enrollment_id`) VALUES ('2025-12-04', 'PRESENT', '', 26);
INSERT INTO `attendance` (`date`, `status`, `note`, `enrollment_id`) VALUES ('2025-12-04', 'PRESENT', '', 26);
INSERT INTO `attendance` (`date`, `status`, `note`, `enrollment_id`) VALUES ('2025-12-04', 'PRESENT', '', 27);
INSERT INTO `attendance` (`date`, `status`, `note`, `enrollment_id`) VALUES ('2025-12-04', 'ABSENT', 'Vắng không phép', 27);
INSERT INTO `attendance` (`date`, `status`, `note`, `enrollment_id`) VALUES ('2025-12-04', 'ABSENT', 'Vắng không phép', 30);
INSERT INTO `attendance` (`date`, `status`, `note`, `enrollment_id`) VALUES ('2025-12-04', 'ABSENT', 'Vắng không phép', 30);
INSERT INTO `attendance` (`date`, `status`, `note`, `enrollment_id`) VALUES ('2025-12-04', 'PRESENT', '', 33);
INSERT INTO `attendance` (`date`, `status`, `note`, `enrollment_id`) VALUES ('2025-12-04', 'ABSENT', 'Vắng không phép', 33);
INSERT INTO `attendance` (`date`, `status`, `note`, `enrollment_id`) VALUES ('2025-12-04', 'ABSENT', 'Vắng không phép', 35);
INSERT INTO `attendance` (`date`, `status`, `note`, `enrollment_id`) VALUES ('2025-12-04', 'PRESENT', '', 35);
INSERT INTO `attendance` (`date`, `status`, `note`, `enrollment_id`) VALUES ('2025-12-04', 'ABSENT', 'Vắng không phép', 37);
INSERT INTO `attendance` (`date`, `status`, `note`, `enrollment_id`) VALUES ('2025-12-04', 'ABSENT', 'Vắng không phép', 37);
INSERT INTO `attendance` (`date`, `status`, `note`, `enrollment_id`) VALUES ('2025-12-04', 'PRESENT', '', 39);
INSERT INTO `attendance` (`date`, `status`, `note`, `enrollment_id`) VALUES ('2025-12-04', 'ABSENT', 'Vắng không phép', 39);
INSERT INTO `attendance` (`date`, `status`, `note`, `enrollment_id`) VALUES ('2025-12-04', 'PRESENT', '', 40);
INSERT INTO `attendance` (`date`, `status`, `note`, `enrollment_id`) VALUES ('2025-12-04', 'ABSENT', 'Vắng không phép', 40);
INSERT INTO `attendance` (`date`, `status`, `note`, `enrollment_id`) VALUES ('2025-12-04', 'ABSENT', 'Vắng không phép', 41);
INSERT INTO `attendance` (`date`, `status`, `note`, `enrollment_id`) VALUES ('2025-12-04', 'ABSENT', 'Vắng không phép', 41);
INSERT INTO `attendance` (`date`, `status`, `note`, `enrollment_id`) VALUES ('2025-12-04', 'PRESENT', '', 42);
INSERT INTO `attendance` (`date`, `status`, `note`, `enrollment_id`) VALUES ('2025-12-04', 'ABSENT', 'Vắng không phép', 42);
INSERT INTO `attendance` (`date`, `status`, `note`, `enrollment_id`) VALUES ('2025-12-04', 'ABSENT', 'Vắng không phép', 45);
INSERT INTO `attendance` (`date`, `status`, `note`, `enrollment_id`) VALUES ('2025-12-04', 'ABSENT', 'Vắng không phép', 45);
INSERT INTO `attendance` (`date`, `status`, `note`, `enrollment_id`) VALUES ('2025-12-04', 'ABSENT', 'Vắng không phép', 50);
INSERT INTO `attendance` (`date`, `status`, `note`, `enrollment_id`) VALUES ('2025-12-04', 'ABSENT', 'Vắng không phép', 50);
INSERT INTO `attendance` (`date`, `status`, `note`, `enrollment_id`) VALUES ('2025-12-04', 'PRESENT', '', 51);
INSERT INTO `attendance` (`date`, `status`, `note`, `enrollment_id`) VALUES ('2025-12-04', 'ABSENT', 'Vắng không phép', 51);
INSERT INTO `attendance` (`date`, `status`, `note`, `enrollment_id`) VALUES ('2025-12-04', 'PRESENT', '', 52);
INSERT INTO `attendance` (`date`, `status`, `note`, `enrollment_id`) VALUES ('2025-12-04', 'PRESENT', '', 52);
INSERT INTO `attendance` (`date`, `status`, `note`, `enrollment_id`) VALUES ('2025-12-04', 'ABSENT', 'Vắng không phép', 53);
INSERT INTO `attendance` (`date`, `status`, `note`, `enrollment_id`) VALUES ('2025-12-04', 'PRESENT', '', 53);
INSERT INTO `attendance` (`date`, `status`, `note`, `enrollment_id`) VALUES ('2025-12-04', 'ABSENT', 'Vắng không phép', 59);
INSERT INTO `attendance` (`date`, `status`, `note`, `enrollment_id`) VALUES ('2025-12-04', 'PRESENT', '', 59);
INSERT INTO `attendance` (`date`, `status`, `note`, `enrollment_id`) VALUES ('2025-12-04', 'PRESENT', '', 75);
INSERT INTO `attendance` (`date`, `status`, `note`, `enrollment_id`) VALUES ('2025-12-04', 'PRESENT', '', 75);
INSERT INTO `attendance` (`date`, `status`, `note`, `enrollment_id`) VALUES ('2025-12-04', 'ABSENT', 'Vắng không phép', 76);
INSERT INTO `attendance` (`date`, `status`, `note`, `enrollment_id`) VALUES ('2025-12-04', 'PRESENT', '', 76);
INSERT INTO `attendance` (`date`, `status`, `note`, `enrollment_id`) VALUES ('2025-12-04', 'PRESENT', '', 77);
INSERT INTO `attendance` (`date`, `status`, `note`, `enrollment_id`) VALUES ('2025-12-04', 'ABSENT', 'Vắng không phép', 77);
INSERT INTO `attendance` (`date`, `status`, `note`, `enrollment_id`) VALUES ('2025-12-04', 'ABSENT', 'Vắng không phép', 78);
INSERT INTO `attendance` (`date`, `status`, `note`, `enrollment_id`) VALUES ('2025-12-04', 'PRESENT', '', 78);
INSERT INTO `attendance` (`date`, `status`, `note`, `enrollment_id`) VALUES ('2025-12-04', 'PRESENT', '', 80);
INSERT INTO `attendance` (`date`, `status`, `note`, `enrollment_id`) VALUES ('2025-12-04', 'PRESENT', '', 80);
INSERT INTO `attendance` (`date`, `status`, `note`, `enrollment_id`) VALUES ('2025-12-04', 'PRESENT', '', 82);
INSERT INTO `attendance` (`date`, `status`, `note`, `enrollment_id`) VALUES ('2025-12-04', 'PRESENT', '', 82);
INSERT INTO `attendance` (`date`, `status`, `note`, `enrollment_id`) VALUES ('2025-12-04', 'ABSENT', 'Vắng không phép', 87);
INSERT INTO `attendance` (`date`, `status`, `note`, `enrollment_id`) VALUES ('2025-12-04', 'PRESENT', '', 87);
INSERT INTO `attendance` (`date`, `status`, `note`, `enrollment_id`) VALUES ('2025-12-04', 'PRESENT', '', 89);
INSERT INTO `attendance` (`date`, `status`, `note`, `enrollment_id`) VALUES ('2025-12-04', 'ABSENT', 'Vắng không phép', 89);
INSERT INTO `attendance` (`date`, `status`, `note`, `enrollment_id`) VALUES ('2025-12-04', 'PRESENT', '', 90);
INSERT INTO `attendance` (`date`, `status`, `note`, `enrollment_id`) VALUES ('2025-12-04', 'ABSENT', 'Vắng không phép', 90);
INSERT INTO `attendance` (`date`, `status`, `note`, `enrollment_id`) VALUES ('2025-12-04', 'PRESENT', '', 93);
INSERT INTO `attendance` (`date`, `status`, `note`, `enrollment_id`) VALUES ('2025-12-04', 'ABSENT', 'Vắng không phép', 93);
INSERT INTO `attendance` (`date`, `status`, `note`, `enrollment_id`) VALUES ('2025-12-04', 'PRESENT', '', 95);
INSERT INTO `attendance` (`date`, `status`, `note`, `enrollment_id`) VALUES ('2025-12-04', 'PRESENT', '', 95);
INSERT INTO `attendance` (`date`, `status`, `note`, `enrollment_id`) VALUES ('2025-12-04', 'ABSENT', 'Vắng không phép', 98);
INSERT INTO `attendance` (`date`, `status`, `note`, `enrollment_id`) VALUES ('2025-12-04', 'ABSENT', 'Vắng không phép', 98);
INSERT INTO `attendance` (`date`, `status`, `note`, `enrollment_id`) VALUES ('2025-12-04', 'ABSENT', 'Vắng không phép', 111);
INSERT INTO `attendance` (`date`, `status`, `note`, `enrollment_id`) VALUES ('2025-12-04', 'PRESENT', '', 111);
INSERT INTO `attendance` (`date`, `status`, `note`, `enrollment_id`) VALUES ('2025-12-04', 'PRESENT', '', 116);
INSERT INTO `attendance` (`date`, `status`, `note`, `enrollment_id`) VALUES ('2025-12-04', 'ABSENT', 'Vắng không phép', 116);
INSERT INTO `attendance` (`date`, `status`, `note`, `enrollment_id`) VALUES ('2025-12-04', 'ABSENT', 'Vắng không phép', 118);
INSERT INTO `attendance` (`date`, `status`, `note`, `enrollment_id`) VALUES ('2025-12-04', 'ABSENT', 'Vắng không phép', 118);
INSERT INTO `attendance` (`date`, `status`, `note`, `enrollment_id`) VALUES ('2025-12-04', 'ABSENT', 'Vắng không phép', 128);
INSERT INTO `attendance` (`date`, `status`, `note`, `enrollment_id`) VALUES ('2025-12-04', 'PRESENT', '', 128);
INSERT INTO `attendance` (`date`, `status`, `note`, `enrollment_id`) VALUES ('2025-12-04', 'PRESENT', '', 132);
INSERT INTO `attendance` (`date`, `status`, `note`, `enrollment_id`) VALUES ('2025-12-04', 'PRESENT', '', 132);
INSERT INTO `attendance` (`date`, `status`, `note`, `enrollment_id`) VALUES ('2025-12-04', 'ABSENT', 'Vắng không phép', 138);
INSERT INTO `attendance` (`date`, `status`, `note`, `enrollment_id`) VALUES ('2025-12-04', 'PRESENT', '', 138);
INSERT INTO `attendance` (`date`, `status`, `note`, `enrollment_id`) VALUES ('2025-12-04', 'PRESENT', '', 139);
INSERT INTO `attendance` (`date`, `status`, `note`, `enrollment_id`) VALUES ('2025-12-04', 'ABSENT', 'Vắng không phép', 139);
INSERT INTO `attendance` (`date`, `status`, `note`, `enrollment_id`) VALUES ('2025-12-04', 'ABSENT', 'Vắng không phép', 141);
INSERT INTO `attendance` (`date`, `status`, `note`, `enrollment_id`) VALUES ('2025-12-04', 'PRESENT', '', 141);
INSERT INTO `attendance` (`date`, `status`, `note`, `enrollment_id`) VALUES ('2025-12-04', 'PRESENT', '', 144);
INSERT INTO `attendance` (`date`, `status`, `note`, `enrollment_id`) VALUES ('2025-12-04', 'ABSENT', 'Vắng không phép', 144);
INSERT INTO `attendance` (`date`, `status`, `note`, `enrollment_id`) VALUES ('2025-12-04', 'PRESENT', '', 145);
INSERT INTO `attendance` (`date`, `status`, `note`, `enrollment_id`) VALUES ('2025-12-04', 'ABSENT', 'Vắng không phép', 145);
INSERT INTO `attendance` (`date`, `status`, `note`, `enrollment_id`) VALUES ('2025-12-04', 'ABSENT', 'Vắng không phép', 146);
INSERT INTO `attendance` (`date`, `status`, `note`, `enrollment_id`) VALUES ('2025-12-04', 'PRESENT', '', 146);
INSERT INTO `attendance` (`date`, `status`, `note`, `enrollment_id`) VALUES ('2025-12-04', 'PRESENT', '', 151);
INSERT INTO `attendance` (`date`, `status`, `note`, `enrollment_id`) VALUES ('2025-12-04', 'PRESENT', '', 151);
INSERT INTO `attendance` (`date`, `status`, `note`, `enrollment_id`) VALUES ('2025-12-04', 'ABSENT', 'Vắng không phép', 155);
INSERT INTO `attendance` (`date`, `status`, `note`, `enrollment_id`) VALUES ('2025-12-04', 'ABSENT', 'Vắng không phép', 155);
INSERT INTO `attendance` (`date`, `status`, `note`, `enrollment_id`) VALUES ('2025-12-04', 'PRESENT', '', 156);
INSERT INTO `attendance` (`date`, `status`, `note`, `enrollment_id`) VALUES ('2025-12-04', 'ABSENT', 'Vắng không phép', 156);
INSERT INTO `attendance` (`date`, `status`, `note`, `enrollment_id`) VALUES ('2025-12-04', 'PRESENT', '', 157);
INSERT INTO `attendance` (`date`, `status`, `note`, `enrollment_id`) VALUES ('2025-12-04', 'PRESENT', '', 157);
INSERT INTO `attendance` (`date`, `status`, `note`, `enrollment_id`) VALUES ('2025-12-04', 'PRESENT', '', 158);
INSERT INTO `attendance` (`date`, `status`, `note`, `enrollment_id`) VALUES ('2025-12-04', 'ABSENT', 'Vắng không phép', 158);
INSERT INTO `attendance` (`date`, `status`, `note`, `enrollment_id`) VALUES ('2025-12-04', 'ABSENT', 'Vắng không phép', 159);
INSERT INTO `attendance` (`date`, `status`, `note`, `enrollment_id`) VALUES ('2025-12-04', 'ABSENT', 'Vắng không phép', 159);
INSERT INTO `attendance` (`date`, `status`, `note`, `enrollment_id`) VALUES ('2025-12-04', 'PRESENT', '', 160);
INSERT INTO `attendance` (`date`, `status`, `note`, `enrollment_id`) VALUES ('2025-12-04', 'PRESENT', '', 160);
INSERT INTO `attendance` (`date`, `status`, `note`, `enrollment_id`) VALUES ('2025-12-04', 'PRESENT', '', 163);
INSERT INTO `attendance` (`date`, `status`, `note`, `enrollment_id`) VALUES ('2025-12-04', 'PRESENT', '', 163);
INSERT INTO `attendance` (`date`, `status`, `note`, `enrollment_id`) VALUES ('2025-12-04', 'ABSENT', 'Vắng không phép', 164);
INSERT INTO `attendance` (`date`, `status`, `note`, `enrollment_id`) VALUES ('2025-12-04', 'ABSENT', 'Vắng không phép', 164);
INSERT INTO `attendance` (`date`, `status`, `note`, `enrollment_id`) VALUES ('2025-12-04', 'PRESENT', '', 169);
INSERT INTO `attendance` (`date`, `status`, `note`, `enrollment_id`) VALUES ('2025-12-04', 'ABSENT', 'Vắng không phép', 169);
INSERT INTO `attendance` (`date`, `status`, `note`, `enrollment_id`) VALUES ('2025-12-04', 'ABSENT', 'Vắng không phép', 172);
INSERT INTO `attendance` (`date`, `status`, `note`, `enrollment_id`) VALUES ('2025-12-04', 'PRESENT', '', 172);
INSERT INTO `attendance` (`date`, `status`, `note`, `enrollment_id`) VALUES ('2025-12-04', 'ABSENT', 'Vắng không phép', 174);
INSERT INTO `attendance` (`date`, `status`, `note`, `enrollment_id`) VALUES ('2025-12-04', 'ABSENT', 'Vắng không phép', 174);
INSERT INTO `attendance` (`date`, `status`, `note`, `enrollment_id`) VALUES ('2025-12-04', 'PRESENT', '', 177);
INSERT INTO `attendance` (`date`, `status`, `note`, `enrollment_id`) VALUES ('2025-12-04', 'PRESENT', '', 177);
INSERT INTO `attendance` (`date`, `status`, `note`, `enrollment_id`) VALUES ('2025-12-04', 'PRESENT', '', 178);
INSERT INTO `attendance` (`date`, `status`, `note`, `enrollment_id`) VALUES ('2025-12-04', 'PRESENT', '', 178);
INSERT INTO `attendance` (`date`, `status`, `note`, `enrollment_id`) VALUES ('2025-12-04', 'ABSENT', 'Vắng không phép', 180);
INSERT INTO `attendance` (`date`, `status`, `note`, `enrollment_id`) VALUES ('2025-12-04', 'ABSENT', 'Vắng không phép', 180);
